s2_q3_baseline,s3_q6_a_7_baseline,s3_q6_a_9_baseline,s3_q6_9_baseline,forecast_ability_baseline,s6f_q4_baseline,s7_q16_baseline,inside_total_hrs_baseline,work_total_hrs_baseline,s9_q4_field_count_baseline,dem_q2_baseline,dem_q3_baseline,dem_q5_baseline,yrs_educ_formal_baseline,dem_q8_baseline,own_house_baseline,asset_index_baseline,dem_q31_baseline,dem_q32_baseline,tehsil_n_baseline,epd_treatment_baseline,s7_q2_baseline_r,dem_q14_baseline,dem_q22_baseline,dem_q24_baseline,dem_q25_baseline,dem_q30_baseline,pref_baseline,pref_endline,wtp_paqi,wtp_epd,wtp_dif
30,0,0,0,1.474058985710144,70,2,13,13,1,10,0,1,16,3,1,-0.06621140241622925,Earnings from trade,3,0,1,4,1,1,2,3,3,0,0,300,320,-20
37,0,0,0,1.4821974039077759,90,2,21,15.5,1,5,0,1,10,1,1,-0.06621140241622925,Daily labour,4,0,1,4,1,0,1,2,3,0,0,250,300,-50
28,0,0,0,1.3601220846176147,80,2,16,9,2,8,0,1,10,3,1,-0.8175992965698242,Daily labour,4,0,1,4,1,0,0,3,3,0,0,310,360,-50
27,0,0,0,1.2787384986877441,70,1,11,14,1,6,1,1,8,2,1,-0.8175992965698242,Earnings from trade,2,0,1,3,1,0,1,2,4,1,0,280,310,-30
20,0,0,0,0.08527132123708725,90,2,11,13,1,6,0,1,10,1,1,0.685176432132721,Daily labour,4,0,1,4,1,0,1,2,2,0,0,300,320,-20
32,0,0,0,0.2687225043773651,85,2,11.5,11,0,4,0,0,8,1,0,-0.8175992965698242,Earnings from trade,3,0,1,2,1,0,1,1,2,0,0,220,220,0
40,0,0,0,0.05726873502135277,100,1,15,6,0,14,1,1,8,3,0,-1.5689871311187744,Daily labour,3,0,1,1,0,0,2,5,5,1,0,400,400,0
55,0,0,0,0.1627907007932663,70,2,14,15,1,5,0,0,0,3,1,-0.06621140241622925,Private job with a salary,3,0,1,4,1,0,1,3,3,0,0,290,305,-15
38,0,0,0,0.12403100728988647,85,1,22,14,1,8,1,1,10,1,1,-0.06621140241622925,Private job with a salary,4,0,1,1,1,0,1,2,3,0,0,220,250,-30
48,0,0,1,0.05726873502135277,70,1,24,11,0,9,1,0,5,1,1,-0.06621140241622925,Earnings from trade,3,0,1,4,1,0,1,2,6,1,0,300,300,0
42,0,0,0,0.12403100728988647,100,1,13.5,8,0,6,0,1,1,2,0,-1.5689871311187744,Earnings from trade,4,0,1,1,0,0,1,2,2,1,0,210,210,0
29,0,0,1,0.12015503644943237,90,2,21,13,1,6,0,1,16,2,1,-0.06621140241622925,Private job with a salary,3,0,1,4,1,0,1,2,3,0,0,250,270,-20
40,0,0,0,0.1627907007932663,95,1,14,9,0,9,0,0,16,2,1,0.685176432132721,Private job with a salary,3,0,1,3,1,0,1,2,2,1,0,270,270,0
40,0,0,0,0.1627907007932663,80,1,14.5,8,0,7,0,1,8,1,0,-0.8175992965698242,Daily labour,4,0,1,1,0,0,0,2,3,1,0,150,150,0
28,0,0,0,1.3601220846176147,70,1,19,14,0,11,0,1,5,3,1,-0.06621140241622925,Earnings from trade,3,0,1,1,1,0,1,2,5,1,0,180,220,-40
40,0,0,1,0.2687225043773651,100,2,24,9,1,6,0,0,8,1,1,0.685176432132721,Daily labour,2,0,1,4,1,1,1,3,4,0,0,250,250,0
35,0,0,0,0.25180619955062866,100,1,15.333333969116211,8.333333015441895,0,5,0,1,10,1,1,-0.8175992965698242,Earnings from trade,3,0,1,3,0,0,1,2,4,1,0,200,200,0
40,0,0,0,0.1472868174314499,100,2,12.5,9,0,14,0,0,12,2,1,-0.8175992965698242,Earnings from trade,2,0,1,4,1,0,2,3,3,1,0,230,230,0
21,0,0,0,0.1705426424741745,80,1,22,13,1,7,1,1,3,2,1,-0.8175992965698242,Daily labour,4,0,1,2,1,0,0,2,2,0,0,210,240,-30
52,0,0,0,0.1627907007932663,90,1,16,8,0,6,0,0,10,2,1,-1.5689871311187744,Earnings from trade,3,0,1,1,0,0,2,2,3,1,0,300,300,0
28,0,0,0,0.2856387794017792,80,1,22.5,13.5,2,2,1,0,3,1,1,0.685176432132721,Daily labour,3,0,1,2,1,0,1,1,2,0,0,200,240,-40
45,0,0,0,0.099559485912323,70,4,12,0,0,9,1,1,0,1,1,-0.8175992965698242,Earnings from trade,3,0,1,4,1,0,2,2,4,0,0,310,350,-40
30,0,1,1,0.1627907007932663,90,2,23,13,0,6,1,1,10,1,1,-0.06621140241622925,Earnings from trade,2,0,1,4,1,1,1,2,3,0,0,250,250,0
21,0,0,0,0.1627907007932663,70,2,14,11,1,4,0,1,12,1,0,0.685176432132721,Private job with a salary,3,0,1,4,1,0,1,1,2,0,0,250,280,-30
32,0,0,0,0.1434108465909958,100,2,15.5,8,0,13,1,1,10,4,0,-1.5689871311187744,Earnings from trade,2,0,1,5,0,0,2,8,6,1,0,50,50,0
45,0,0,0,0.2687225043773651,100,2,14.5,9,0,4,1,1,3,1,0,-0.06621140241622925,Earnings from industry,4,0,1,1,1,0,1,2,2,1,0,50,50,0
38,0,0,0,0.05726873502135277,70,4,15,2,1,13,0,1,0,5,1,-0.06621140241622925,Daily labour,3,0,1,4,1,0,2,3,5,0,0,300,325,-25
36,0,0,0,0.1627907007932663,85,1,22,15,2,5,0,1,3,1,1,-0.8175992965698242,Private job with a salary,3,0,1,2,1,0,0,1,3,0,0,250,290,-40
45,0,0,0,0.1434108465909958,90,1,15,8,0,8,0,0,10,1,0,-0.06621140241622925,Daily labour,3,0,1,3,1,0,1,2,2,1,0,250,250,0
50,0,0,1,0.2687225043773651,90,2,14,10,0,8,0,0,0,1,1,0.685176432132721,Daily labour,3,0,1,2,1,0,1,2,5,1,0,300,300,0
22,0,0,0,0.10465116053819656,90,1,14,8.5,0,8,0,0,9,1,1,-0.8175992965698242,Private job with self-employment,3,0,1,1,1,0,2,2,2,1,0,100,100,0
40,0,0,0,0.1472868174314499,100,2,12.5,9,1,5,0,1,16,1,1,-0.8175992965698242,Private job with self-employment,2,0,1,5,0,0,1,2,3,1,0,200,200,0
32,0,0,0,1.563580870628357,80,2,13,14,0,9,1,1,8,2,1,1.436564326286316,Daily labour,3,0,1,2,1,0,1,2,4,0,0,250,330,-80
31,0,1,1,0.1627907007932663,70,2,14,10.5,1,10,1,1,0,2,1,-0.8175992965698242,Daily labour,3,0,1,2,1,0,2,3,5,1,0,300,300,0
44,0,0,0,0.08527132123708725,80,2,21,14,1,6,0,1,6,1,1,-0.8175992965698242,Earnings from trade,3,0,1,2,1,0,0,2,3,1,0,250,300,-50
40,0,0,0,0.20528636872768402,85,1,22.5,14.5,2,6,1,1,8,1,1,-0.06621140241622925,Daily labour,3,0,1,2,1,0,0,1,3,0,0,210,275,-65
32,0,0,0,0.1434108465909958,100,1,13,9,0,11,1,1,10,2,1,-0.8175992965698242,Daily labour,2,0,1,1,0,0,1,4,4,1,0,100,100,0
37,0,0,0,0.27295157313346863,90,1,23,14,2,4,0,1,8,1,1,-0.06621140241622925,Daily labour,3,0,1,4,1,0,1,2,3,0,0,220,260,-40
25,0,0,1,0.11240310221910477,95,2,21.5,12,1,8,0,0,16,2,1,-0.06621140241622925,Private job with a salary,3,0,1,4,1,0,1,2,3,0,0,280,310,-30
24,0,0,0,1.3601220846176147,85,1,19.5,12.5,2,8,0,0,2,3,0,-0.06621140241622925,Private job with a salary,3,0,1,2,1,0,1,3,3,0,0,270,310,-40
42,0,0,0,1.3601220846176147,90,2,13.5,10,0,6,1,0,10,1,1,-0.8175992965698242,Earnings from trade,4,0,1,2,1,0,2,3,4,1,0,300,300,0
74,0,1,1,1.509536623954773,80,4,22,12,0,12,0,1,0,3,1,-0.8175992965698242,Earnings from trade,3,0,1,4,1,0,2,2,5,0,0,150,200,-50
26,0,0,0,0.12403100728988647,90,2,22,12,1,6,1,1,12,1,1,1.436564326286316,Current government job,1,0,1,1,1,1,1,2,3,0,0,200,200,0
43,0,0,0,1.4008138179779053,80,1,12.333333969116211,9.333333015441895,0,7,0,1,0,2,1,-0.8175992965698242,Earnings from trade,4,0,1,1,0,0,1,4,3,1,0,50,50,0
33,0,0,0,0.03100775182247162,50,1,12.5,9,0,6,1,1,10,1,1,-0.8175992965698242,Daily labour,3,0,1,1,0,0,1,2,3,1,0,100,100,0
24,0,0,0,1.2787384986877441,70,2,14,13,1,4,0,0,10,2,0,-0.06621140241622925,Daily labour,3,0,1,4,1,0,1,2,2,0,0,300,350,-50
39,0,0,0,1.5228891372680664,80,1,13.5,9.5,0,2,1,0,5,1,1,0.685176432132721,Private job with a salary,3,0,1,1,0,0,1,1,1,1,0,250,250,0
52,0,0,0,0.1434108465909958,90,2,18,13,1,8,0,1,8,1,1,-0.8175992965698242,Earnings from trade,3,0,1,3,1,0,1,2,4,0,0,320,350,-30
25,0,0,0,1.4008138179779053,99,2,23.5,10.5,1,6,0,1,16,2,1,2.1879522800445557,Private job with a salary,2,0,1,5,1,1,1,3,3,1,0,300,300,0
35,0,0,1,1.3357070684432983,80,2,19.5,12,2,9,1,1,5,2,1,-0.06621140241622925,Daily labour,3,0,1,3,1,0,1,2,3,0,0,210,260,-50
35,0,0,0,1.4768390655517578,80,2,11,15,1,6,0,1,12,2,1,-0.8175992965698242,Earnings from trade,4,0,1,3,1,0,1,2,3,0,0,260,285,-25
33,0,1,1,1.4415055513381958,95,2,23,10.5,1,8,0,1,10,2,1,-0.06621140241622925,Current government job,2,0,1,3,1,1,2,3,4,0,0,300,300,0
45,0,0,0,1.3601220846176147,85,2,14.5,8.5,0,6,0,1,12,1,1,0.685176432132721,Daily labour,2,0,1,3,1,0,1,2,2,1,0,200,200,0
40,0,0,0,0.22220267355442047,90,1,22,13.5,1,3,0,0,2,1,1,-0.06621140241622925,Daily labour,3,0,1,3,1,0,1,2,3,0,0,180,210,-30
30,0,0,0,1.4415055513381958,100,1,15.833333969116211,8.333333969116211,0,4,0,1,5,1,1,-0.06621140241622925,Daily labour,4,0,1,3,1,0,1,3,2,1,0,200,200,0
40,0,0,0,1.4252288341522217,100,1,12.5,8,0,5,0,1,18,1,1,-0.8175992965698242,Earnings from trade,3,0,1,2,0,0,1,2,3,1,0,300,300,0
55,0,0,0,0.007751937955617905,80,2,22,12,0,10,0,1,8,2,1,-0.06621140241622925,Earnings from trade,3,0,1,4,1,0,2,3,4,0,0,200,200,0
45,0,0,0,1.3705720901489258,90,1,23,15,1,6,0,1,8,1,1,-0.06621140241622925,Private job with a salary,3,0,1,1,1,0,1,2,2,0,0,210,250,-40
45,0,0,0,1.4008138179779053,100,1,12,9,0,5,0,1,16,1,1,-0.8175992965698242,Current government job,3,0,1,2,0,0,1,2,3,1,0,100,100,0
70,0,0,0,1.4415055513381958,90,2,20,9,1,10,1,1,12,3,1,-0.06621140241622925,Earnings from trade,3,0,1,4,1,0,1,2,3,0,0,300,335,-35
24,0,0,0,1.4114439487457275,70,2,14,11,1,6,0,1,5,2,1,-0.8175992965698242,Daily labour,4,0,1,4,1,0,2,3,3,0,0,265,280,-15
28,0,0,0,0.1627907007932663,90,1,11.5,9,0,7,1,0,8,2,1,-0.8175992965698242,Private job with a salary,3,0,1,3,0,0,1,3,4,1,0,150,150,0
35,0,0,0,1.3705720901489258,70,2,11,11,1,3,0,1,8,1,1,1.436564326286316,Daily labour,3,0,1,4,1,0,1,1,2,0,0,175,205,-30
28,0,0,0,1.3705720901489258,90,2,12,12,2,7,1,0,12,3,1,-0.06621140241622925,Private job with a salary,3,0,1,4,1,0,2,4,3,0,0,180,210,-30
31,0,0,0,1.4114439487457275,90,2,12,14,1,4,0,1,10,1,1,0.685176432132721,Daily labour,3,0,1,2,1,0,0,2,4,0,0,250,280,-30
70,0,0,0,1.4415055513381958,90,1,18.5,6.5,1,2,1,0,8,1,1,-0.06621140241622925,Pension - Government,3,0,1,4,1,0,0,1,2,0,0,180,210,-30
38,0,0,0,1.4523159265518188,100,2,13.5,7,0,6,0,0,10,1,1,-0.06621140241622925,Earnings from trade,3,0,1,4,0,0,1,2,4,1,0,330,330,0
45,0,0,0,1.4931879043579102,70,2,23,12,0,6,0,0,12,1,1,-0.8175992965698242,Earnings from trade,3,0,1,2,0,0,1,2,4,1,0,250,300,-50
38,0,0,0,1.4359670877456665,80,2,14,9,1,4,0,1,12,1,1,-0.06621140241622925,Earnings from trade,3,0,1,4,1,0,1,2,3,0,0,210,310,-100
26,0,0,0,1.4415055513381958,50,2,14,14,2,7,0,1,1,1,1,-0.06621140241622925,Daily labour,4,0,1,4,1,0,1,1,2,0,0,170,195,-25
45,0,0,0,1.4114439487457275,100,1,12.833333969116211,9.333333969116211,0,5,0,0,12,1,1,-1.5689871311187744,Current government job,3,0,1,4,0,0,1,2,3,1,0,250,250,0
38,0,0,0,1.2479562759399414,100,2,13,13,0,8,1,1,10,2,1,0.685176432132721,Earnings from trade,3,0,1,1,1,0,0,1,3,1,0,150,200,-50
29,0,0,0,0.12403100728988647,95,2,12,11,0,8,0,0,10,2,1,-0.8175992965698242,Private job with self-employment,3,0,1,2,1,0,1,2,2,0,0,250,250,0
42,0,0,0,1.20708429813385,70,2,22.5,10,0,7,0,1,18,1,1,2.1879522800445557,Current government job,2,0,1,5,1,1,1,2,3,1,0,250,250,0
45,0,0,0,1.3705720901489258,100,1,11.333333015441895,8.333333015441895,0,8,0,0,6,2,1,-0.8175992965698242,Private job with a salary,3,0,1,1,0,0,1,3,2,1,0,180,180,0
50,0,0,0,1.3297001123428345,80,1,13,10,0,6,0,0,5,1,1,1.436564326286316,Daily labour,5,0,1,2,1,0,1,1,1,1,0,250,250,0
20,0,0,0,1.4196183681488037,100,1,12.166666030883789,9.666666984558105,0,4,0,0,10,1,1,-0.8175992965698242,Earnings from trade,3,0,1,3,0,0,1,2,3,1,0,300,300,0
50,0,0,0,1.4931879043579102,85,2,11,12.5,2,5,0,0,4,2,1,-0.06621140241622925,Daily labour,4,0,1,4,1,0,1,2,3,0,0,240,270,-30
23,0,0,0,0.6493850350379944,80,1,13,13,1,5,0,1,8,2,1,-0.8175992965698242,Daily labour,3,0,1,1,1,0,0,2,3,0,0,190,200,-10
25,0,0,0,1.20708429813385,65,1,21,15,1,7,0,1,7,3,1,-1.5689871311187744,Earnings from trade,2,0,1,2,1,0,2,3,6,1,0,150,200,-50
35,0,0,0,1.3705720901489258,70,2,13,12,1,3,0,0,0,1,1,1.436564326286316,Daily labour,4,0,1,4,1,0,1,1,2,1,0,210,295,-85
50,0,0,0,1.0345879793167114,50,1,11,9,0,10,0,1,8,2,1,-0.06621140241622925,Current government job,3,0,1,1,1,0,1,4,4,1,0,150,150,0
43,0,1,1,1.0345879793167114,90,2,13.5,11.5,1,10,1,1,10,2,1,-0.06621140241622925,Daily labour,3,0,1,3,1,0,1,2,3,1,1,300,300,0
37,0,0,0,0.7940679788589478,90,2,13.5,14,1,6,1,1,10,2,1,-0.06621140241622925,Daily labour,3,0,1,1,1,0,1,2,4,1,0,250,300,-50
30,0,0,0,1.3705720901489258,85,1,21,14.5,2,6,0,1,3,1,1,-0.8175992965698242,Daily labour,4,0,1,2,0,0,0,1,2,0,0,200,240,-40
44,0,0,0,0.1472868174314499,85,2,13,10,0,9,0,0,10,2,1,0.685176432132721,Earnings from trade,3,0,1,3,1,0,1,1,3,0,0,360,360,0
60,0,1,1,1.685656189918518,70,2,16.5,11.5,0,8,0,0,8,2,1,-0.06621140241622925,Daily labour,3,0,1,2,1,0,1,2,3,1,0,200,200,0
26,0,0,1,1.4523159265518188,90,1,20.5,14,2,3,0,0,12,1,1,-0.8175992965698242,Current government job,3,0,1,2,1,0,1,3,4,0,0,280,305,-25
50,0,0,0,0.7940679788589478,80,1,13,13,0,7,1,1,16,1,1,-0.8175992965698242,Current government job,3,0,1,1,0,0,0,1,3,1,0,200,250,-50
49,1,1,0,1.4415055513381958,85,2,14,9,0,6,0,0,10,1,1,1.436564326286316,Current government job,3,0,1,4,1,0,1,1,1,1,0,350,350,0
45,1,0,0,0.5625753402709961,85,2,12.5,12,0,5,0,1,12,1,1,0.685176432132721,Earnings from trade,2,0,1,4,1,1,1,2,3,1,0,250,250,0
38,0,0,0,0.7773075699806213,70,1,15.5,12.5,0,7,0,1,8,2,1,0.685176432132721,Earnings from trade,3,0,1,3,1,0,1,2,2,0,0,200,200,0
45,0,1,0,0.6493850350379944,90,1,12.5,10.5,1,3,0,0,10,1,1,0.685176432132721,Earnings from trade,3,0,1,2,1,0,1,2,2,1,0,220,220,0
30,0,0,0,0.8491171002388,80,2,12,16.5,1,4,0,1,2,1,1,0.685176432132721,Daily labour,3,0,1,2,1,0,1,2,3,0,0,190,210,-20
39,0,0,0,0.7361947894096375,100,2,22,11,0,7,1,1,16,1,1,2.1879522800445557,Private job with self-employment,1,0,1,5,1,1,1,2,3,0,1,350,350,0
24,0,0,0,0.7477694153785706,90,2,14,8,1,10,1,1,16,2,1,-0.06621140241622925,Private job with a salary,3,0,1,4,1,0,3,3,4,0,0,180,220,-40
40,0,0,0,0.8491171002388,85,1,23,15.5,2,20,1,1,3,3,1,-0.8175992965698242,Earnings from trade,3,0,1,3,1,0,2,3,6,0,0,260,290,-30
35,0,1,1,0.5625753402709961,60,2,14,15,0,3,0,1,0,1,1,-1.5689871311187744,Earnings from trade,4,0,1,2,0,0,0,1,3,1,0,220,260,-40
45,0,0,0,0.7072582244873047,80,1,13.5,14.5,1,5,0,0,10,1,1,-0.06621140241622925,Earnings from trade,4,0,1,1,1,0,1,2,5,1,0,180,200,-20
60,0,0,0,0.8471303582191467,80,2,14,8,1,4,0,0,12,1,1,0.685176432132721,Private job with a salary,3,0,1,4,1,0,1,3,3,0,0,220,260,-40
45,0,0,0,0.8407828211784363,80,2,24,17,1,7,0,1,10,3,1,-0.06621140241622925,Private job with a salary,3,0,1,4,1,0,1,2,4,0,0,180,200,-20
42,1,0,0,0.5625753402709961,60,2,12.166666984558105,10.5,1,15,1,1,0,3,1,-1.5689871311187744,Daily labour,4,0,1,2,1,0,1,3,2,0,0,390,390,0
25,0,0,0,0.6783216595649719,70,2,12,12,1,10,0,1,10,2,1,-1.5689871311187744,Daily labour,3,0,1,4,1,0,2,4,4,0,0,240,296,-56
35,1,0,1,0.5047021508216858,80,2,22.5,11.5,0,4,0,1,8,1,1,0.685176432132721,Earnings from industry,2,0,1,2,1,1,1,2,2,0,0,300,300,0
27,0,0,0,1.460490345954895,80,2,12,13,2,12,0,1,5,3,0,-0.8175992965698242,Private job with a salary,3,0,1,4,1,0,2,3,4,0,0,200,260,-60
33,1,1,0,0.9359956979751587,90,1,23.5,11,0,10,1,1,16,0,1,0.685176432132721,Earnings from trade,2,0,1,4,1,1,0,3,3,1,1,230,230,0
27,0,0,0,0.8344352841377258,90,2,21,13.5,1,9,0,1,10,3,1,-1.5689871311187744,Daily labour,3,0,1,1,1,0,2,4,4,0,0,230,260,-30
44,1,0,0,0.7940679788589478,80,1,14,12,0,7,0,1,10,1,1,-0.06621140241622925,Daily labour,3,0,1,3,1,0,1,2,3,1,0,350,350,0
32,0,0,0,0.9042580723762512,100,1,14.5,8,0,2,0,0,0,1,0,-1.5689871311187744,Daily labour,3,0,1,1,0,0,1,2,2,1,0,240,240,0
65,0,0,0,0.7130455374717712,100,1,14,7,0,4,0,0,10,1,1,1.436564326286316,Earnings from trade,3,0,1,3,0,1,1,2,5,1,0,350,350,0
25,0,0,0,0.7138322591781616,70,1,11,13,1,8,0,1,10,1,1,-0.06621140241622925,Private job with self-employment,2,0,1,2,1,1,2,3,3,1,0,150,150,0
46,1,0,1,0.7940679788589478,80,2,21.5,12.5,0,6,0,1,16,1,0,2.1879522800445557,Private job with a salary,1,0,1,3,1,1,1,3,3,1,0,200,200,0
40,0,0,0,0.7651313543319702,85,1,20,13,2,4,0,1,16,1,1,-0.06621140241622925,Private job with a salary,3,0,1,2,1,0,1,2,3,0,0,240,260,-20
25,0,1,1,0.9042580723762512,80,2,22.5,14.833333015441895,0,6,1,1,16,0,1,0.685176432132721,Private job with a salary,2,0,1,5,1,1,0,2,4,0,1,200,200,0
45,0,0,0,0.7361947894096375,90,2,19.5,13,2,15,1,1,10,4,1,-0.8175992965698242,Daily labour,3,0,1,3,1,0,3,2,6,0,0,200,230,-30
40,0,0,0,0.8286167979240417,100,1,12.5,9,0,4,0,1,10,1,1,-0.06621140241622925,Private job with a salary,3,0,1,1,0,0,1,2,2,1,0,200,200,0
40,0,0,0,0.7361947894096375,100,1,12,9,0,5,0,0,10,1,0,-1.5689871311187744,Private job with a salary,5,0,1,3,0,0,0,1,2,1,0,200,200,0
42,0,0,0,0.7072582244873047,100,1,10.5,9,1,6,0,0,10,1,0,-0.8175992965698242,Private job with a salary,5,0,1,1,1,0,0,1,2,1,0,150,150,0
50,0,0,0,0.7361947894096375,100,1,11,9,0,5,0,0,0,1,0,-1.5689871311187744,Daily labour,5,0,1,1,0,0,0,3,2,1,0,300,300,0
21,0,0,0,0.7773075699806213,90,2,21,12.5,1,8,0,0,16,0,1,2.1879522800445557,Earnings from trade,3,0,1,3,1,0,0,3,3,1,0,200,200,0
53,1,0,0,0.7138322591781616,100,1,12.5,8,0,8,0,0,8,1,1,-0.8175992965698242,Earnings from trade,3,0,1,1,0,0,1,2,2,1,0,300,300,0
50,0,0,0,0.6493850350379944,80,2,20,12.5,2,6,0,1,10,1,1,-0.06621140241622925,Private job with a salary,3,0,1,3,1,0,1,2,3,0,0,175,200,-25
28,1,0,0,0.87252044677734375,100,1,11,8,0,10,1,0,8,2,1,-2.3203749656677246,Earnings from trade,3,0,1,1,0,0,1,4,3,1,0,150,150,0
38,0,0,0,0.9042580723762512,90,1,14,14,0,4,0,0,8,1,0,-0.06621140241622925,Daily labour,3,0,1,1,0,0,1,1,4,1,0,200,230,-30
30,0,0,0,0.6783216595649719,80,2,14,11,1,5,0,1,12,1,1,-0.06621140241622925,Earnings from trade,3,0,1,4,1,0,1,2,2,1,0,260,290,-30
19,0,0,0,0.7361947894096375,85,1,21.5,14.166666030883789,1,2,0,0,8,2,1,-0.8175992965698242,Private job with a salary,4,0,1,2,1,0,0,2,2,0,0,210,250,-40
42,0,0,0,0.8407828211784363,80,2,12,11,2,8,0,1,10,2,1,-0.06621140241622925,Earnings from trade,2,0,1,4,1,1,2,4,5,0,0,250,280,-30
48,0,0,0,0.7130455374717712,100,2,13,9,0,4,0,0,18,1,1,-0.06621140241622925,Private job with a salary,3,0,1,4,0,0,1,3,4,1,0,300,300,0
36,0,0,0,0.7940679788589478,85,1,11.833333015441895,11,0,6,0,1,10,1,1,-0.8175992965698242,Private job with self-employment,2,0,1,1,1,1,2,3,4,1,0,300,300,0
38,0,1,1,0.87252044677734375,90,2,22,14.5,0,6,1,1,0,1,1,-0.06621140241622925,Earnings from trade,3,0,1,1,1,0,1,2,4,1,0,130,150,-20
38,0,0,0,0.8407828211784363,80,2,20,15,1,6,1,1,8,1,0,-0.06621140241622925,Earnings from trade,3,0,1,1,1,0,1,2,5,0,0,180,200,-20
27,0,0,0,0.8788679838180542,100,1,13.5,8,0,3,0,0,10,1,1,-0.8175992965698242,Private job with a salary,4,0,1,1,0,0,1,2,3,1,0,220,220,0
45,1,0,0,0.4468289911746979,70,1,23,9.5,0,10,0,1,8,2,0,0.685176432132721,Earnings from trade,2,0,1,2,1,0,1,2,4,0,0,330,330,0
22,0,0,0,0.21145375072956085,75,1,23.5,10,0,13,0,0,8,3,1,-1.5689871311187744,Daily labour,4,0,1,2,0,0,2,2,2,1,0,120,120,0
29,1,0,0,0.9042580723762512,99,1,22,12,1,3,0,0,16,0,1,1.436564326286316,Private job with a salary,2,0,1,4,1,1,1,2,2,0,0,200,200,0
50,1,1,1,0.5868817567825317,80,2,22.5,10.5,0,6,0,1,10,0,1,-0.8175992965698242,Earnings from trade,3,0,1,4,1,0,2,3,3,0,0,150,150,0
50,0,0,0,0.7072582244873047,100,1,11,9.5,0,9,0,0,10,1,1,-0.8175992965698242,Daily labour,3,0,1,1,0,0,1,2,4,1,0,150,150,0
35,0,0,0,0.7773075699806213,90,1,12,12,1,12,0,1,10,2,1,-0.8175992965698242,Daily labour,4,0,1,1,1,0,1,2,2,1,0,380,380,0
60,0,0,0,0.6783216595649719,70,1,14.5,8.5,0,8,0,0,5,2,1,-2.3203749656677246,Daily labour,3,0,1,2,0,0,2,2,3,1,0,280,280,0
32,0,0,0,0.9359956979751587,85,1,21,13.5,1,3,0,1,8,1,1,-0.06621140241622925,Earnings from trade,3,0,1,2,1,0,1,2,3,0,0,180,200,-20
45,0,0,0,0.9169531464576721,70,2,14,11,1,7,0,1,10,1,1,-0.8175992965698242,Earnings from trade,3,0,1,4,1,0,2,3,4,0,0,230,265,-35
62,0,0,0,0.6783216595649719,75,2,22.5,14.5,1,6,0,0,16,3,1,0.685176432132721,Earnings from trade,2,0,1,4,1,1,2,4,5,0,0,190,215,-25
49,0,0,0,0.8217402100563049,80,2,21,13.5,2,7,0,1,3,1,1,-0.06621140241622925,Private job with a salary,3,0,1,4,1,0,1,2,3,0,0,240,260,-20
35,0,0,1,0.9042580723762512,85,1,20.5,13,2,6,0,1,16,1,1,-0.06621140241622925,Private job with a salary,3,0,1,2,1,0,1,2,3,0,0,240,270,-30
41,0,0,0,0.8876404166221619,80,2,10,14,1,6,1,1,8,1,1,0.685176432132721,Daily labour,3,0,1,2,1,0,1,2,3,1,0,250,270,-20
45,1,0,0,0.32158589363098145,100,1,12,10,0,6,0,0,5,2,1,-0.8175992965698242,Earnings from trade,5,0,1,1,0,0,1,3,3,1,0,382,382,0
30,0,0,0,0.9261636734008789,70,2,13,11,1,6,1,1,3,3,1,-0.8175992965698242,Earnings from trade,3,0,1,3,1,0,2,2,3,0,0,200,215,-15
40,0,0,0,0.14185024797916412,40,2,24,10,1,9,1,1,0,1,1,-0.06621140241622925,Earnings from trade,3,0,1,4,1,0,1,2,2,0,0,220,250,-30
20,0,0,0,0.10132158547639847,60,1,13,11,0,8,0,0,5,2,1,-0.8175992965698242,Daily labour,3,0,1,1,1,0,2,2,2,1,0,150,150,0
45,0,0,0,0.9042580723762512,90,2,14.5,13,1,8,0,1,10,1,1,-0.06621140241622925,Daily labour,3,0,1,2,1,0,1,2,5,1,0,180,230,-50
45,0,0,0,0.964686930179596,80,2,13,12,1,5,0,1,8,1,1,-0.8175992965698242,Earnings from trade,3,0,1,4,1,0,1,2,4,0,0,200,220,-20
30,1,0,0,0.8407828211784363,80,1,23.5,11.5,0,4,1,1,10,0,1,0.685176432132721,Private job with a salary,2,0,1,5,1,1,1,2,3,1,0,250,250,0
48,0,0,0,0.2687225043773651,70,1,13.5,12,0,10,0,1,1,1,1,-0.06621140241622925,Daily labour,3,0,1,3,1,1,1,2,5,1,0,160,200,-40
50,0,0,0,0.303964763879776,100,1,13,9,0,4,0,0,7,1,1,-0.8175992965698242,Earnings from trade,4,0,1,1,0,0,1,3,3,1,0,250,250,0
35,0,0,0,0.32158589363098145,50,1,24,10,0,4,0,1,0,2,1,0.685176432132721,Daily labour,4,0,1,3,1,0,1,1,1,1,0,320,320,0
28,0,0,0,0.10132158547639847,75,1,24,10,0,2,0,0,10,1,1,0.685176432132721,Earnings from trade,3,0,1,4,1,0,1,1,2,1,0,300,300,0
35,0,1,1,0.40969163179397583,90,2,24,13.5,0,6,1,1,16,1,1,-0.06621140241622925,Earnings from industry,2,0,1,2,1,0,0,1,4,1,1,350,350,0
23,0,1,1,0.36563876271247864,80,2,21,10,1,5,0,1,10,2,1,0.685176432132721,Daily labour,2,0,1,4,1,1,1,2,3,1,0,250,250,0
30,0,0,0,1.003210186958313,80,2,13.5,14.5,0,8,1,1,8,3,0,-0.06621140241622925,Private job with a salary,3,0,1,1,1,0,1,3,5,0,0,250,290,-40
32,1,1,1,0.14537444710731506,80,1,22.5,12,0,7,0,1,8,2,1,-0.06621140241622925,Daily labour,3,0,1,3,1,0,1,3,3,0,0,200,200,0
30,0,0,0,0.7936693429946899,60,1,13,11,0,7,0,1,0,2,0,2.1879522800445557,Daily labour,5,1,1,3,1,0,1,1,2,1,0,200,200,0
37,0,0,0,0.8645264506340027,90,2,21,14.5,1,14,0,1,12,3,1,0.685176432132721,Earnings from industry,3,0,1,2,1,1,2,4,4,0,0,250,280,-30
39,0,1,1,0.6178194284439087,60,2,13.5,10,0,4,0,1,0,1,0,0.685176432132721,Earnings from trade,4,0,1,4,1,0,1,1,4,1,0,200,200,0
50,1,0,0,0.32158589363098145,100,1,11.5,9.5,0,5,0,0,0,1,1,-0.8175992965698242,Private job with a salary,3,0,1,1,0,0,1,2,3,1,0,300,300,0
55,0,0,0,0.18414099514484406,70,4,15,4,0,7,0,1,10,1,1,0.685176432132721,Private job with a salary,3,0,1,4,1,0,1,1,2,1,0,200,220,-20
42,0,0,0,0.964686930179596,70,1,15,15,1,6,1,1,10,2,1,-0.06621140241622925,Current government job,3,0,1,2,1,0,1,3,5,1,0,150,200,-50
52,0,0,0,0.8491171002388,80,2,19.5,12.5,1,4,1,0,12,1,1,0.685176432132721,Daily labour,3,0,1,4,1,0,1,2,3,0,0,190,220,-30
45,0,0,0,0.29955947399139404,90,2,23,10.5,1,3,0,1,18,1,1,0.685176432132721,Current government job,1,0,1,1,1,1,1,2,3,1,0,350,350,0
23,0,0,0,0.27753305435180664,70,1,15,9,0,2,0,0,8,1,1,0.685176432132721,Earnings from agricultural land,4,0,1,1,0,0,1,1,1,1,0,350,350,0
24,0,0,0,0.7361947894096375,70,2,14,9,2,6,0,1,10,2,0,-0.06621140241622925,Earnings from trade,3,0,1,4,1,0,1,3,2,0,0,190,200,-10
54,0,1,0,0.18942731618881226,80,2,14,11,0,5,0,1,5,1,1,-0.06621140241622925,Daily labour,3,0,1,4,1,0,1,2,3,1,0,250,250,0
47,0,0,0,0.6204484701156616,70,2,12,11,1,6,0,1,12,1,0,0.685176432132721,Private job with a salary,3,0,1,4,1,1,1,2,3,0,0,180,200,-20
50,1,1,0,0.9677333235740662,80,2,12,12,0,2,0,0,0,1,1,2.1879522800445557,Daily labour,3,0,1,1,1,0,1,1,1,1,0,100,100,0
50,0,0,0,0.810593843460083,80,2,12,13,1,6,1,1,12,1,1,-0.06621140241622925,Daily labour,3,0,1,3,1,0,2,3,3,0,0,210,250,-40
50,0,1,1,0.20528636872768402,80,1,19.833332061767578,13.666666030883789,0,5,1,0,0,1,1,-0.8175992965698242,Earnings from trade,3,0,1,5,1,0,0,2,3,1,0,200,250,-50
41,0,0,0,0.8077373504638672,70,1,19.5,13,2,5,0,1,10,1,1,-0.8175992965698242,Private job with a salary,4,0,1,1,1,0,1,2,2,0,0,230,265,-35
42,0,0,0,0.8007033467292786,70,2,24,13,1,5,0,1,10,1,1,-0.06621140241622925,Daily labour,3,0,1,4,1,0,1,2,3,0,0,195,205,-10
30,0,1,1,0.4771394729614258,90,2,13.5,11.5,0,7,1,1,5,1,1,-0.06621140241622925,Daily labour,3,0,1,2,1,0,1,2,4,1,0,200,200,0
40,0,0,0,0.6881594061851501,40,2,12,11,1,3,0,1,10,1,0,-0.06621140241622925,Daily labour,3,0,1,4,1,0,1,2,3,0,0,215,250,-35
54,0,0,0,0.10132158547639847,100,1,12,11.5,0,4,0,0,12,2,0,-0.8175992965698242,Earnings from trade,4,0,1,1,0,0,0,2,3,1,0,300,300,0
50,0,0,0,0.6881594061851501,75,2,19,12,2,9,0,1,2,3,1,-0.06621140241622925,Daily labour,3,0,1,2,1,0,1,3,4,0,0,220,260,-40
40,1,0,0,0.303964763879776,100,1,13.5,9,0,8,0,0,4,2,0,-0.8175992965698242,Earnings from trade,5,0,1,1,0,0,1,4,3,1,0,320,320,0
45,0,0,0,0.7936693429946899,90,2,11,13.5,2,9,1,1,8,3,1,-0.8175992965698242,Daily labour,3,0,1,3,1,0,2,4,4,0,0,200,230,-30
22,0,0,0,0.14537444710731506,90,2,24,9.5,0,7,0,0,10,1,1,-0.06621140241622925,Earnings from trade,4,0,1,4,0,0,2,3,2,1,0,100,100,0
40,0,1,1,0.5826494097709656,90,1,12,13,0,9,0,1,0,3,1,-0.8175992965698242,Daily labour,3,0,1,2,1,0,1,2,6,0,0,200,220,-20
42,0,0,0,0.6881594061851501,80,2,12,12,1,7,1,1,8,1,0,-0.06621140241622925,Daily labour,3,0,1,4,1,0,1,2,4,0,0,216,235,-19
30,1,0,0,0.8689162135124207,70,1,13.5,10.5,0,4,0,1,8,1,0,0.685176432132721,Daily labour,3,1,1,2,1,0,1,1,2,1,0,170,170,0
45,1,1,1,0.40969163179397583,80,2,23,10,0,7,1,1,0,1,1,-0.06621140241622925,Earnings from industry,1,0,1,3,1,0,1,2,3,0,0,300,300,0
35,0,0,0,0.7584993839263916,70,2,14,11,1,6,0,1,5,2,1,-0.06621140241622925,Private job with a salary,3,0,1,4,1,0,1,2,3,0,0,245,285,-40
49,0,0,0,0.8288393616676331,90,2,14,13.5,1,8,0,1,12,2,1,-0.8175992965698242,Private job with a salary,3,0,1,1,1,0,1,2,5,0,0,150,180,-30
22,0,1,1,0.9695192575454712,80,1,15,10.5,0,7,0,1,0,2,1,-0.06621140241622925,Daily labour,2,0,1,3,1,0,1,2,5,1,1,250,250,0
35,0,0,0,0.23348017036914825,80,2,13.666666984558105,10,0,7,0,1,16,2,1,-0.8175992965698242,Private job with self-employment,3,0,1,4,1,0,2,3,3,1,0,130,130,0
40,0,0,0,0.6951934099197388,85,2,20.5,12,2,5,0,1,2,1,1,-0.06621140241622925,Daily labour,3,0,1,3,1,0,1,2,3,0,0,210,250,-40
34,0,0,0,0.8288393616676331,80,1,12.5,15.5,1,10,0,1,10,2,1,-0.06621140241622925,Daily labour,3,0,1,1,1,0,2,1,5,1,0,200,250,-50
40,0,0,0,0.7022273540496826,85,2,12,13.5,1,8,0,1,3,1,0,-0.06621140241622925,Daily labour,3,0,1,2,1,0,1,3,4,0,0,250,270,-20
25,0,0,0,0.7233293652534485,80,2,13,9,1,3,0,0,8,1,0,-0.06621140241622925,Daily labour,4,0,1,4,1,0,1,2,2,0,0,235,262,-27
32,0,1,1,0.32158589363098145,85,4,22.5,11,1,10,0,1,10,1,1,-0.06621140241622925,Private job with a salary,3,0,1,4,1,0,1,2,3,0,0,200,200,0
35,0,0,0,0.6178194284439087,70,1,13,11,0,12,0,1,6,2,1,-1.5689871311187744,Daily labour,5,1,1,1,0,0,2,2,3,1,0,150,150,0
35,0,0,0,0.964686930179596,90,2,13,9,1,10,1,1,16,4,1,-0.8175992965698242,Earnings from trade,3,0,1,4,1,0,2,3,4,0,0,175,195,-20
24,0,0,0,0.9723916053771973,85,1,21,15.5,2,2,0,0,16,1,0,0.685176432132721,Private job with a salary,3,0,1,3,1,1,1,2,2,0,0,180,200,-20
37,0,1,1,1.1804022789001465,70,2,13.5,11,0,5,0,1,10,1,1,-0.06621140241622925,Daily labour,2,1,1,2,1,0,1,2,3,0,0,300,300,0
28,0,0,0,0.7936693429946899,85,1,21,13,1,9,0,1,5,2,1,-0.06621140241622925,Daily labour,3,0,1,2,1,0,1,3,3,0,0,260,290,-30
40,1,0,1,1.1025307178497314,100,1,11.5,10.5,0,5,0,0,5,1,1,-0.8175992965698242,Daily labour,3,1,1,1,0,0,1,2,3,1,0,300,300,0
30,1,0,1,0.9467877149581909,100,1,13.333333015441895,9.333333015441895,0,5,0,0,5,1,0,-0.06621140241622925,Daily labour,3,1,1,1,0,0,1,1,4,1,1,230,230,0
36,0,1,1,0.6353017091751099,90,4,22.5,12,0,5,0,1,10,1,1,0.685176432132721,Daily labour,3,1,1,2,1,0,1,1,3,0,0,200,200,0
19,0,0,0,0.7936693429946899,90,1,19.5,13.5,1,6,1,1,12,1,1,-0.06621140241622925,Daily labour,3,0,1,1,1,0,1,2,3,0,0,250,280,-30
45,1,0,0,0.7584993839263916,100,2,15.166666030883789,7.5,0,10,0,0,5,2,0,-1.5689871311187744,Earnings from trade,3,0,1,4,0,0,1,5,3,1,0,333,333,0
26,0,0,0,0.7940679788589478,100,1,15,14,1,5,0,0,10,3,1,-0.8175992965698242,Daily labour,3,0,1,1,0,0,1,2,5,1,0,130,150,-20
60,1,1,0,0.8299804925918579,70,2,24,9,0,10,0,0,5,3,0,-0.06621140241622925,Private job with self-employment,3,1,1,2,1,0,2,3,3,1,0,300,300,0
35,0,0,0,0.7131732106208801,60,2,24,9,0,10,0,1,8,2,1,-0.8175992965698242,Earnings from trade,4,1,1,2,1,0,2,2,3,1,0,250,250,0
42,1,1,0,1.024659276008606,80,2,22.5,11,0,7,0,1,10,1,1,-0.06621140241622925,Daily labour,3,1,1,3,1,0,1,2,3,0,0,350,350,0
49,1,0,0,0.9390006065368652,100,1,12.5,10,0,8,0,0,7,1,0,-0.06621140241622925,Daily labour,3,1,1,1,1,0,0,1,3,1,1,270,270,0
23,0,0,1,0.7131732106208801,60,1,14,10,0,7,0,0,8,1,0,-0.8175992965698242,Daily labour,3,1,1,1,1,0,1,2,3,1,0,280,280,0
32,0,0,0,0.6881594061851501,60,1,24,9,0,7,1,0,5,1,1,-0.8175992965698242,Earnings from trade,2,1,1,1,1,0,2,3,4,1,0,80,80,0
40,1,1,1,0.862976610660553,90,2,22,11,0,5,0,0,10,1,1,-0.06621140241622925,Daily labour,3,1,1,2,1,0,1,2,4,0,1,350,350,0
26,0,0,0,0.8689162135124207,70,2,13,11,1,5,1,1,10,1,1,-0.06621140241622925,Private job with a salary,3,0,1,4,1,0,1,2,3,0,0,215,269,-54
28,0,1,1,0.8611290454864502,80,1,13.666666984558105,15.166666984558105,1,3,0,1,5,1,0,-1.5689871311187744,Private job with a salary,3,0,1,2,0,0,0,2,4,0,0,200,220,-20
28,0,0,0,0.9078519940376282,80,2,14,10,1,4,0,1,8,3,1,-0.06621140241622925,Private job with a salary,3,0,1,4,1,0,1,2,3,0,0,210,247,-37
38,0,0,0,0.8288393616676331,70,2,11,13,2,11,1,1,8,2,0,-0.06621140241622925,Daily labour,4,0,1,4,1,0,2,2,3,0,0,215,235,-20
35,1,0,0,0.7131732106208801,85,2,13.5,12,0,6,0,1,0,1,1,-0.06621140241622925,Daily labour,2,1,1,3,1,0,1,2,4,1,0,250,250,0
20,0,1,1,0.7819775938987732,80,2,23,9,0,4,0,1,10,2,0,-0.06621140241622925,Private job with a salary,2,1,1,1,1,0,1,2,3,0,0,200,200,0
45,1,1,1,1.0249745845794678,100,1,13,8,0,6,0,0,12,2,1,-0.8175992965698242,Current government job,3,1,1,3,0,0,1,3,4,1,0,225,325,-100
22,1,0,0,1.0168746709823608,100,1,10,10,1,5,0,0,16,2,0,-0.06621140241622925,Earnings from trade,2,1,1,4,1,1,2,3,3,1,0,213,213,0
45,0,0,0,1.105973482131958,90,2,13.999999046325684,8.5,0,4,0,0,3,1,1,0.685176432132721,Daily labour,3,1,1,3,1,0,1,2,2,1,0,350,350,0
50,0,0,0,0.9857234954833984,80,2,10.5,14.5,2,5,0,1,10,1,1,0.685176432132721,Daily labour,3,0,1,4,1,0,1,2,3,0,0,250,290,-40
30,0,0,0,0.8299804925918579,80,2,12,12,1,4,1,1,10,1,1,0.685176432132721,Earnings from trade,3,0,1,4,1,0,1,2,3,0,0,190,205,-15
40,0,0,0,0.8288393616676331,95,2,13.5,15,0,2,0,0,10,1,0,-1.5689871311187744,Current government job,4,0,1,2,0,0,0,1,3,0,0,230,260,-30
57,0,0,0,1.4299694299697876,100,1,12.5,9.5,0,9,0,0,0,2,1,-0.8175992965698242,Daily labour,3,1,1,1,0,0,1,4,3,1,0,200,200,0
53,0,0,0,1.024659276008606,70,1,14,9,0,6,0,0,5,2,0,2.1879522800445557,Daily labour,3,1,1,2,1,0,1,1,1,1,0,200,200,0
47,0,1,1,0.7009786367416382,90,2,23,11,0,4,0,0,0,1,1,0.685176432132721,Daily labour,4,1,1,3,1,0,1,1,3,1,0,250,250,0
33,0,0,0,0.9467877149581909,70,2,14,9,1,12,1,1,10,3,1,-0.8175992965698242,Current government job,3,0,1,4,1,0,2,3,4,0,0,235,280,-45
22,0,0,0,0.862976610660553,80,1,24,9,0,6,0,0,9,1,1,-0.8175992965698242,Earnings from industry,3,1,1,2,1,0,2,2,2,1,0,150,150,0
32,0,0,0,0.6881594061851501,80,1,19.5,14.5,1,4,0,1,5,1,0,-0.06621140241622925,Daily labour,3,0,1,4,1,0,1,2,3,0,0,180,200,-20
34,0,0,0,1.0249745845794678,60,2,13.5,10,0,5,0,1,3,2,1,-0.06621140241622925,Daily labour,4,1,1,4,1,0,2,0,3,1,0,100,100,0
50,0,1,1,0.9467877149581909,90,1,13.5,14.5,0,8,0,1,8,2,0,-0.06621140241622925,Daily labour,3,0,1,1,1,0,1,2,6,0,0,200,220,-20
40,0,0,0,0.8288393616676331,70,2,12.5,12.5,1,5,0,1,0,1,0,0.685176432132721,Daily labour,4,0,1,4,1,0,1,2,3,0,0,196,205,-9
39,0,0,0,0.8689162135124207,90,2,22,15.5,1,11,1,1,10,2,1,-0.06621140241622925,Earnings from trade,3,0,1,2,1,0,1,4,4,0,0,250,280,-30
41,0,0,0,0.9857234954833984,70,2,14,10,1,3,1,0,12,1,1,-0.06621140241622925,Private job with a salary,3,0,1,4,1,0,1,2,3,0,0,260,285,-25
50,0,0,0,1.024659276008606,80,2,14,11,1,3,0,0,12,1,0,-0.8175992965698242,Earnings from trade,3,0,1,3,0,0,1,3,4,1,0,200,238,-38
40,0,0,0,0.4078252613544464,80,2,12,11,1,8,1,1,8,3,1,-0.8175992965698242,Earnings from trade,3,0,1,4,1,0,2,3,4,0,0,220,264,-44
44,0,0,0,0.8604651093482971,80,1,12.5,17,1,6,1,1,8,1,1,-0.06621140241622925,Daily labour,3,0,1,2,1,0,1,2,5,1,0,200,220,-20
32,0,1,1,0.7819775938987732,80,4,22,11,0,6,1,1,10,1,1,1.436564326286316,Earnings from trade,2,1,1,2,1,1,1,2,4,1,0,300,300,0
36,0,0,0,0.3618178963661194,90,1,21,14.5,1,9,1,1,12,2,0,-0.06621140241622925,Private job with a salary,3,0,1,2,1,0,1,3,3,0,0,210,245,-35
26,0,0,0,0.8976744413375854,70,2,14,11,2,11,1,1,16,3,1,-0.8175992965698242,Private job with a salary,3,0,1,4,1,0,2,3,5,0,0,222,257,-35
33,0,0,0,1.024659276008606,90,1,13,14,1,8,1,1,10,2,0,-1.5689871311187744,Daily labour,3,0,1,2,1,0,2,3,5,1,0,150,180,-30
62,0,1,1,0.8604651093482971,80,2,14.5,15,0,11,0,1,0,2,1,-0.8175992965698242,Private job with a salary,3,0,1,2,1,0,2,2,5,0,0,220,260,-40
50,1,0,0,0.7488372325897217,90,1,13,11.5,1,7,0,1,5,1,0,-0.06621140241622925,Earnings from trade,2,1,1,4,1,0,1,2,4,0,0,300,300,0
40,1,1,1,0.8491171002388,70,2,24,9,1,5,0,1,8,1,1,-2.3203749656677246,Earnings from industry,3,1,1,3,0,0,2,3,3,1,0,160,160,0
60,1,0,1,1.336145281791687,100,1,12.5,10,0,2,0,0,3,1,0,-0.06621140241622925,Earnings from trade,3,1,1,1,0,0,1,2,3,1,0,172,172,0
33,0,0,0,0.7819775938987732,70,1,14,9,0,7,0,1,4,2,1,-1.5689871311187744,Daily labour,4,1,1,4,0,0,2,2,2,1,0,250,250,0
50,0,1,0,0.7860465049743652,80,2,23,13,0,13,0,1,0,2,1,-0.06621140241622925,Earnings from trade,2,1,1,3,1,0,1,3,5,0,0,300,300,0
30,1,1,1,0.8491171002388,100,1,12.5,9.5,0,4,0,0,12,1,0,-0.06621140241622925,Private job with a salary,3,1,1,3,0,0,1,3,5,1,0,225,225,0
28,0,0,0,0.9078519940376282,70,2,22,13,1,5,0,1,0,3,1,-0.06621140241622925,Earnings from trade,3,0,1,4,1,0,1,2,3,0,0,215,238,-23
50,0,1,1,0.772070586681366,80,4,15,11.5,1,8,0,1,5,1,1,-0.06621140241622925,Daily labour,2,1,1,2,1,0,1,3,4,0,0,250,250,0
32,0,0,0,0.7819775938987732,75,1,24,7,1,6,0,1,18,2,1,-0.8175992965698242,Current government job,2,1,1,1,1,0,2,2,3,1,0,50,50,0
50,1,1,0,0.9261636734008789,50,2,22,9,1,7,0,0,4,2,1,-0.8175992965698242,Earnings from industry,3,1,1,3,1,0,2,2,2,1,0,290,290,0
38,0,0,0,0.3342134654521942,80,2,20.5,15,2,14,1,1,12,3,1,-0.8175992965698242,Earnings from trade,3,0,1,2,1,0,1,4,5,0,0,250,280,-30
62,0,0,0,0.29955947399139404,90,2,12.5,16,1,7,0,1,16,4,1,-0.8175992965698242,Private job with a salary,3,0,1,1,1,0,1,3,5,0,0,200,220,-20
25,0,1,0,1.024659276008606,90,2,13.166666984558105,12.166666030883789,0,7,0,1,0,7,0,-0.06621140241622925,Daily labour,3,1,1,3,1,0,1,2,4,1,0,260,260,0
55,1,0,0,1.0249745845794678,100,1,10.666666030883789,9.5,0,6,0,0,8,2,0,-0.8175992965698242,Daily labour,3,1,1,1,0,0,1,3,3,1,0,200,200,0
41,0,0,0,0.8299804925918579,80,2,12,12,1,6,1,1,0,1,1,-0.06621140241622925,Daily labour,4,0,1,4,1,0,1,2,3,0,0,200,218,-18
20,1,0,0,0.9390006065368652,100,1,12,10,0,3,0,0,5,1,0,-1.5689871311187744,Daily labour,4,1,1,1,0,0,0,2,2,1,0,100,100,0
38,0,0,0,0.7860465049743652,80,2,12,10,1,7,1,0,8,1,1,-0.8175992965698242,Earnings from trade,3,0,1,4,1,0,2,2,3,0,0,244,274,-30
70,0,0,0,0.38022083044052124,80,2,11,11,1,4,0,1,5,2,1,-0.06621140241622925,Private job with a salary,3,0,1,4,1,0,1,2,3,0,0,200,208,-8
30,0,0,1,0.34361234307289124,90,1,20,13.5,2,3,0,0,10,1,1,-0.8175992965698242,Daily labour,4,0,1,2,1,0,0,2,3,0,0,180,210,-30
40,1,1,0,0.810593843460083,90,4,13.5,11,0,12,0,1,10,2,1,-0.8175992965698242,Daily labour,3,1,1,4,1,0,2,2,5,1,0,250,250,0
28,0,0,0,0.9184589982032776,100,1,12.333333969116211,7.833333492279053,0,6,0,0,5,1,0,-0.06621140241622925,Daily labour,4,1,1,1,1,0,1,3,3,1,0,300,300,0
63,0,1,1,1.0249745845794678,90,2,21,8.5,1,10,0,1,8,2,1,-1.5689871311187744,Pension - Government,3,0,1,1,1,0,2,3,5,1,0,190,230,-40
40,0,0,0,1.065474033355713,75,1,24,16.5,2,11,1,1,16,4,1,-1.5689871311187744,Earnings from trade,3,0,1,3,1,0,2,5,3,0,0,260,290,-30
40,1,1,0,0.8491171002388,90,2,13.5,11,0,16,1,1,10,2,1,-0.06621140241622925,Daily labour,3,1,1,2,1,0,2,4,5,0,0,250,250,0
43,0,0,0,0.943975567817688,70,1,12.5,16,1,10,1,1,12,2,1,-1.5689871311187744,Private job with a salary,3,0,1,1,1,0,2,3,6,1,0,150,200,-50
43,0,0,0,0.8604651093482971,70,2,13,10,1,6,0,1,8,1,0,-0.06621140241622925,Private job with a salary,3,0,1,4,1,0,1,2,3,0,0,210,233,-23
50,0,0,0,0.9844750761985779,90,2,20,14.5,2,6,0,0,16,2,1,-0.06621140241622925,Private job with a salary,3,0,1,4,1,0,1,2,2,0,0,250,270,-20
23,1,0,0,0.8604651093482971,100,1,12.833333969116211,9.833333015441895,0,6,0,0,10,1,0,0.685176432132721,Earnings from trade,2,1,1,4,0,1,1,3,4,1,0,350,350,0
58,1,0,0,0.9261636734008789,100,1,13.833333969116211,9.333333015441895,0,3,0,0,0,1,1,-1.5689871311187744,Daily labour,3,1,1,1,0,0,1,2,4,1,1,185,185,0
30,0,0,0,0.6744186282157898,60,2,14,10,0,8,0,1,10,2,1,-1.5689871311187744,Daily labour,3,1,1,2,1,0,2,2,3,1,0,100,100,0
45,0,0,1,1.0590959787368774,50,1,24,7,0,8,0,0,0,2,1,-0.06621140241622925,Private job with self-employment,2,1,1,3,1,0,2,2,3,1,0,50,50,0
24,0,0,0,1.4406778812408447,85,1,20,13.5,1,2,0,0,10,1,1,1.436564326286316,Current government job,3,0,1,3,1,0,1,2,1,0,0,250,280,-30
58,1,0,0,0.7488372325897217,90,2,12.5,12.5,0,5,0,0,0,1,1,0.685176432132721,Daily labour,3,1,1,3,1,0,1,2,3,0,0,350,350,0
25,0,0,0,0.38942229747772217,80,2,12,12,2,6,0,1,7,1,1,-0.06621140241622925,Private job with a salary,3,0,1,3,1,0,1,3,4,0,0,193,202,-9
40,0,0,0,1.105973482131958,100,1,15,16,1,7,0,1,16,1,1,-0.06621140241622925,Current government job,3,0,1,1,1,0,1,3,5,0,0,170,190,-20
45,0,0,0,0.9844750761985779,80,2,13,11,1,4,0,1,10,1,1,-0.06621140241622925,Private job with a salary,3,0,1,4,1,0,1,2,3,0,0,256,272,-16
50,0,1,1,1.0249745845794678,90,1,13.5,15.5,0,4,0,0,0,1,0,-1.5689871311187744,Private job with a salary,4,0,1,2,0,0,0,2,3,1,0,250,280,-30
43,0,0,0,0.935875654220581,90,1,16,13.5,1,8,1,1,8,1,1,-0.8175992965698242,Current government job,3,0,1,1,1,0,2,3,5,0,0,200,230,-30
43,1,1,0,0.934883713722229,80,4,23,14.5,0,9,1,1,0,1,1,-0.8175992965698242,Earnings from trade,3,1,1,4,0,0,1,2,4,0,0,250,250,0
32,0,1,0,0.6950240135192871,70,2,23,11.5,0,7,1,1,10,1,1,-0.06621140241622925,Earnings from trade,3,1,1,4,1,0,1,2,5,1,1,300,300,0
27,0,0,0,1.1002779006958008,90,2,22,11.5,1,4,1,0,13,1,1,1.436564326286316,Private job with a salary,3,1,1,4,1,1,1,2,3,1,0,350,350,0
38,1,1,1,1.0590959787368774,100,1,13.333333015441895,9.333333015441895,0,12,0,0,8,3,1,-0.8175992965698242,Earnings from trade,3,1,1,1,0,0,0,6,3,1,0,280,280,0
30,1,1,1,0.7860465049743652,60,1,15,8,0,10,0,1,5,2,0,-0.8175992965698242,Daily labour,3,1,1,1,1,0,2,2,4,1,0,180,180,0
48,0,0,1,1.5932202339172363,85,2,22,15.5,2,10,1,1,8,4,0,-0.06621140241622925,Earnings from trade,3,0,1,3,1,0,1,3,3,0,0,220,250,-30
31,0,1,1,1.745762586593628,80,2,15,15.5,0,7,0,0,0,3,0,-0.06621140241622925,Daily labour,3,0,1,1,1,0,0,2,3,0,0,200,220,-20
65,0,0,0,1.3898303508758545,70,2,13,14.5,0,7,0,1,10,1,1,-0.8175992965698242,Daily labour,3,0,1,1,1,0,2,2,5,0,0,150,180,-30
50,0,0,0,0.38022083044052124,99,4,22.5,10.5,1,5,0,0,18,2,1,2.939340114593506,Private job with a salary,1,1,1,4,1,1,1,4,4,1,1,270,270,0
35,0,0,0,1.4915252923965454,80,2,12,10,1,6,0,1,10,1,1,-0.06621140241622925,Earnings from trade,3,0,1,4,1,0,1,2,3,0,0,218,234,-16
35,0,0,0,0.8943684101104736,70,1,24,9,0,7,1,1,12,1,1,0.685176432132721,Earnings from trade,2,1,1,5,1,1,1,2,4,1,0,120,120,0
25,0,0,0,1.644067645072937,70,2,14,10,1,6,1,1,12,2,1,2.1879522800445557,Private job with a salary,2,0,1,4,1,1,1,3,3,1,0,233,252,-19
50,0,0,0,1.6949150562286377,90,1,14.5,16,0,7,0,1,8,2,1,-0.8175992965698242,Daily labour,3,0,1,1,1,0,2,2,4,0,0,160,200,-40
39,0,0,0,1.6135591268539429,75,2,22,16,2,10,0,1,8,2,1,-0.06621140241622925,Earnings from trade,3,0,1,2,1,0,1,3,3,0,0,175,200,-25
34,0,0,0,0.8976744413375854,70,2,13,11,1,10,1,1,10,1,0,-0.8175992965698242,Daily labour,3,0,1,4,1,0,2,3,3,0,0,234,265,-31
50,0,0,0,1.4406778812408447,80,2,12,11,1,7,1,1,10,2,1,-0.06621140241622925,Earnings from trade,3,0,1,4,1,0,1,2,2,1,0,200,228,-28
40,0,0,0,0.934883713722229,80,2,13,10,1,9,0,1,10,3,0,-0.06621140241622925,Private job with a salary,3,0,1,4,1,0,1,3,3,0,0,260,282,-22
30,1,0,1,1.0179141759872437,80,2,21.5,11,0,7,0,1,10,2,1,0.685176432132721,Private job with a salary,3,1,1,5,1,1,2,2,4,0,0,250,250,0
36,0,0,0,0.7860465049743652,85,2,19,14.5,2,5,0,1,8,1,0,0.685176432132721,Current government job,3,0,1,4,1,0,1,2,2,0,0,250,290,-40
35,1,1,1,1.0508596897125244,100,1,13.333333969116211,9.333333015441895,0,5,0,0,8,1,1,-0.8175992965698242,Daily labour,3,1,1,1,0,0,1,2,4,1,0,310,310,0
50,0,1,0,0.38022083044052124,70,4,20.5,11.5,0,4,0,0,12,2,1,0.685176432132721,Private job with a salary,2,1,1,4,1,1,1,3,3,1,0,350,350,0
46,0,0,0,1.1002779006958008,100,1,12,11,0,5,0,0,0,1,0,-0.06621140241622925,Earnings from trade,3,1,1,1,1,0,0,2,2,1,0,300,300,0
28,1,0,0,1.0590959787368774,90,2,22.5,10,0,6,1,1,10,1,0,0.685176432132721,Private job with a salary,2,1,1,4,1,1,1,3,4,1,0,200,200,0
53,1,0,0,1.0590959787368774,100,1,11,9.999999046325684,1,6,0,0,10,1,1,-0.06621140241622925,Earnings from trade,3,1,1,1,0,0,1,2,3,1,0,150,150,0
61,0,0,0,0.7116279006004333,90,2,23,8.5,1,9,1,1,8,2,1,-0.06621140241622925,Earnings from trade,3,1,1,1,1,0,1,2,2,1,0,240,240,0
42,0,0,0,1.4406778812408447,80,2,22,12.5,2,7,0,1,10,1,1,-0.06621140241622925,Private job with a salary,3,0,1,4,1,0,1,2,2,0,0,200,230,-30
50,0,1,1,1.1332234144210815,100,1,12.166666030883789,10,0,10,0,0,0,3,1,-0.8175992965698242,Daily labour,3,1,1,1,0,0,1,6,5,1,0,180,180,0
43,0,0,0,0.9767322540283203,50,1,15,7,0,5,0,0,4,1,1,-0.06621140241622925,Daily labour,3,1,1,3,1,0,1,2,3,1,0,80,80,0
33,0,0,1,0.7860465049743652,60,1,24,9.5,0,2,0,0,10,2,0,-0.06621140241622925,Current government job,3,1,1,2,1,0,1,2,2,1,0,60,60,0
37,0,0,0,1.5932202339172363,80,2,12,12,1,8,1,1,8,1,1,-0.06621140241622925,Private job with a salary,3,0,1,4,1,0,1,2,3,0,0,232,246,-14
26,0,0,0,0.9034760594367981,90,1,13.5,15,0,2,1,0,10,1,1,-0.06621140241622925,Daily labour,3,0,1,2,0,0,1,2,4,0,0,150,190,-40
30,0,0,1,1.5627117156982422,90,1,22,17,1,9,0,1,12,2,1,-0.06621140241622925,Earnings from trade,3,0,1,2,1,0,1,3,3,0,0,250,290,-40
38,1,0,0,0.9767322540283203,80,2,13,11,0,7,0,1,9,1,1,-0.06621140241622925,Daily labour,2,1,1,2,1,0,1,2,4,1,0,200,200,0
40,0,1,1,0.943975567817688,80,1,12,15,0,6,1,1,3,1,0,0.685176432132721,Daily labour,4,0,1,1,1,0,1,2,4,0,0,200,250,-50
42,0,0,0,0.9720930457115173,80,2,14,11,1,5,0,1,10,1,0,-0.06621140241622925,Current government job,3,0,1,4,1,0,1,2,3,0,0,200,225,-25
45,1,1,1,0.24219875037670135,70,4,21.5,11.5,0,4,0,1,12,1,1,2.939340114593506,Earnings from trade,2,1,1,3,1,1,1,2,4,1,0,250,250,0
58,0,0,0,1.1002779006958008,70,2,23,12,0,14,0,1,8,2,1,-0.8175992965698242,Earnings from trade,3,1,1,3,1,0,2,2,4,0,0,230,230,0
30,0,0,0,0.32158589363098145,70,2,11,12,1,6,0,1,12,1,1,-0.06621140241622925,Earnings from trade,3,0,1,4,1,0,1,2,3,0,0,225,248,-23
45,0,0,0,0.033845409750938416,70,1,22,6,0,8,0,1,10,1,1,-0.06621140241622925,Current government job,2,1,1,1,1,0,2,3,4,1,0,300,300,0
43,0,0,1,0.11443041265010834,80,2,20,12.5,2,7,0,1,8,1,0,-0.06621140241622925,Current government job,3,0,1,2,1,0,1,2,2,0,0,250,280,-30
54,0,0,0,0.19619138538837433,60,2,24,9,0,4,0,0,5,2,1,-0.06621140241622925,Earnings from trade,2,1,1,4,1,0,2,1,3,1,0,200,200,0
23,0,1,1,0.27753305435180664,80,1,14.5,13,0,5,0,1,5,2,1,-0.06621140241622925,Private job with a salary,3,0,1,1,1,0,1,2,4,1,0,150,160,-10
41,0,0,0,0.13001686334609985,70,2,20,14,2,7,0,1,2,2,0,-0.06621140241622925,Daily labour,3,0,1,4,1,0,1,2,2,0,0,200,240,-40
50,1,1,1,0.4722355604171753,100,1,11.5,9,0,7,0,0,10,1,1,0.685176432132721,Earnings from trade,2,1,1,1,0,1,1,4,3,1,0,200,200,0
40,0,0,0,0.38022083044052124,95,2,21.5,10.5,0,9,1,1,16,2,1,2.939340114593506,Current government job,2,1,1,5,1,1,1,5,5,0,0,150,150,0
51,0,0,0,0.07985276728868484,50,1,15,9,0,9,0,1,10,2,1,0.685176432132721,Earnings from trade,2,1,1,1,1,1,2,3,4,1,0,50,50,0
45,1,0,0,0.3342134654521942,90,2,23,10,0,5,0,1,10,1,1,0.685176432132721,Earnings from trade,3,1,1,2,1,1,1,2,5,1,0,200,200,0
56,0,0,1,0.05208465829491615,75,2,20.5,12,2,4,0,0,12,1,0,-0.06621140241622925,Current government job,3,0,1,4,1,0,1,2,2,0,0,240,275,-35
33,0,0,0,0.13001686334609985,85,1,21,14.5,1,9,0,1,10,2,1,-0.06621140241622925,Daily labour,3,0,1,3,1,0,1,2,3,0,0,200,240,-40
32,0,0,0,0.8902325630187988,90,2,19,14,2,7,0,1,10,2,0,0.685176432132721,Private job with a salary,3,0,1,2,1,0,1,2,2,0,0,175,200,-25
55,0,0,0,0.07546431571245193,75,2,22,13.5,2,4,0,1,10,2,1,-0.06621140241622925,Daily labour,3,0,1,3,1,0,1,2,3,0,0,210,250,-40
40,0,0,0,0.19236262142658234,90,2,14,10,1,5,0,1,10,1,0,0.685176432132721,Daily labour,3,0,1,4,1,0,1,1,3,0,0,200,208,-8
32,0,0,0,1.542372703552246,70,2,14,16,1,5,0,1,8,1,1,-0.06621140241622925,Daily labour,3,0,1,1,1,0,0,2,4,0,0,160,200,-40
32,1,0,0,0.2001558393239975,100,1,11.5,10,0,4,0,0,10,1,0,0.685176432132721,Earnings from trade,4,1,1,1,1,1,1,2,2,1,0,210,210,0
28,0,0,0,0.5642502903938293,80,2,23,9,0,10,1,1,0,2,1,0.685176432132721,Private job with a salary,4,1,1,2,1,1,2,3,4,1,0,100,100,0
36,1,0,0,0.4722355604171753,90,2,23,12,0,9,0,1,8,2,1,0.685176432132721,Earnings from trade,4,1,1,4,1,1,1,3,4,1,0,270,270,0
42,0,1,1,0.26250159740448,90,2,24,17,1,5,1,1,8,1,1,-0.06621140241622925,Earnings from trade,3,0,1,2,1,0,1,2,6,1,0,150,200,-50
28,0,0,0,0.13001686334609985,90,2,13,11,2,4,1,1,0,2,0,1.436564326286316,Private job with a salary,3,0,1,3,1,0,1,1,2,0,0,248,272,-24
55,0,0,0,1.3389829397201538,70,2,13.5,14,1,7,0,1,10,1,1,-0.06621140241622925,Private job with a salary,3,0,1,1,1,0,1,3,4,0,0,150,190,-40
40,0,0,0,0.20794905722141266,70,2,12,10,1,2,1,0,10,1,0,-0.06621140241622925,Daily labour,3,0,1,4,1,0,1,2,3,0,0,202,216,-14
19,0,0,0,0.32484734058380127,85,1,21,13.333333969116211,1,12,0,1,8,2,0,-0.06621140241622925,Private job with a salary,3,0,1,3,1,0,1,3,2,0,0,230,260,-30
53,0,0,0,0.36563876271247864,80,1,21.5,14,0,4,0,0,8,1,1,-0.06621140241622925,Earnings from trade,3,0,1,1,1,0,1,2,6,0,0,200,230,-30
50,1,1,1,0.42622819542884827,100,1,14.5,8.5,0,4,0,0,10,1,1,-0.8175992965698242,Earnings from trade,3,1,1,1,0,0,1,0,4,1,0,230,230,0
35,1,1,1,0.41702672839164734,100,1,12.5,10,0,5,0,0,10,1,1,0.685176432132721,Earnings from trade,2,1,1,1,0,1,1,3,4,1,0,125,125,0
30,0,0,0,1.0179141759872437,99,2,21.5,12.5,1,2,0,0,18,1,1,1.436564326286316,Current government job,2,1,1,3,1,1,1,2,3,1,0,200,200,0
40,0,0,0,1.0179141759872437,70,2,22,16,0,7,1,0,10,1,1,-0.06621140241622925,Earnings from trade,3,0,1,1,1,0,1,3,4,1,0,130,160,-30
35,0,0,0,0.01311856135725975,80,1,22,7.5,1,5,1,0,10,2,1,-0.06621140241622925,Earnings from trade,3,1,1,4,1,1,2,2,3,1,0,350,350,0
24,0,0,0,1.1414598226547241,90,1,22,15,0,5,0,0,12,2,1,-0.06621140241622925,Earnings from trade,3,0,1,2,1,0,1,2,3,1,0,160,200,-40
48,0,0,0,0.38022083044052124,70,2,24,9,0,6,0,1,10,1,1,2.1879522800445557,Earnings from industry,2,1,1,1,1,1,1,2,4,1,0,390,390,0
30,0,0,0,0.0258475374430418,70,2,22,7,1,3,0,1,16,1,1,2.939340114593506,Private job with self-employment,2,1,1,4,1,1,1,2,4,1,0,320,320,0
32,0,0,0,1.0590959787368774,80,2,14,11,2,7,0,1,0,1,0,-0.06621140241622925,Private job with a salary,3,0,1,4,1,0,1,3,4,0,0,212,232,-20
29,0,0,0,0.14274582266807556,75,1,23,8.5,0,5,0,1,10,1,1,1.436564326286316,Earnings from trade,2,1,1,1,1,1,1,2,4,1,0,100,100,0
45,0,0,0,1.3061875104904175,90,2,14,15,0,5,1,1,10,1,1,-0.8175992965698242,Earnings from agricultural land,3,0,1,1,0,0,1,2,3,0,0,120,160,-40
40,0,0,0,0.7860465049743652,80,2,16,16,0,10,1,1,8,2,1,-0.06621140241622925,Current government job,3,0,1,1,1,0,1,2,5,1,0,230,260,-30
23,0,0,0,0.8604651093482971,90,1,23,15.5,1,4,0,0,16,1,1,-0.8175992965698242,Private job with a salary,3,0,1,5,1,0,0,2,4,0,0,220,260,-40
35,0,0,0,1.0179141759872437,80,2,12,11,2,6,0,1,10,1,1,-0.06621140241622925,Earnings from trade,3,0,1,4,1,0,1,2,3,0,0,205,222,-17
36,0,0,0,0.7488372325897217,70,2,15.5,16,0,9,1,1,10,1,1,-0.06621140241622925,Current government job,3,0,1,1,1,0,1,2,4,0,0,200,220,-20
40,0,0,0,0.3392070531845093,70,2,14,11,2,6,0,1,8,1,1,-0.8175992965698242,Earnings from trade,3,0,1,4,1,0,1,2,3,1,0,230,258,-28
30,0,0,0,1.0838052034378052,80,2,13,9,2,4,0,0,8,2,1,-0.06621140241622925,Private job with a salary,3,0,1,4,1,0,1,2,3,0,0,230,259,-29
31,0,0,0,0.934883713722229,90,2,22,15,0,14,0,1,10,2,1,-1.5689871311187744,Earnings from trade,3,0,1,2,1,0,2,3,6,1,0,200,250,-50
27,1,1,1,0.16898295283317566,100,1,13.833333969116211,8.333333015441895,0,3,0,0,10,2,1,-0.06621140241622925,Private job with a salary,3,1,1,1,0,1,1,2,4,1,0,300,300,0
30,0,0,0,0.27753305435180664,90,2,22.5,15.5,1,5,0,1,12,1,1,0.685176432132721,Earnings from trade,3,0,1,4,1,1,1,2,6,0,0,200,230,-30
30,1,0,0,0.16898295283317566,100,1,10.5,10,1,7,0,0,12,2,1,-0.8175992965698242,Earnings from trade,3,1,1,4,0,1,2,3,5,1,1,50,50,0
48,0,0,0,0.23132871091365814,90,2,14,15,0,6,1,1,10,1,1,-0.8175992965698242,Daily labour,3,0,1,2,1,0,2,2,4,1,0,230,260,-30
53,0,0,0,0.18171192705631256,60,2,24,9,1,4,0,1,16,1,1,3.690727949142456,Private job with self-employment,2,1,1,2,1,1,1,2,4,1,0,360,360,0
37,0,0,0,0.2907488942146301,70,2,13,14,1,5,0,1,8,1,1,-0.06621140241622925,Daily labour,3,0,1,4,1,0,1,2,3,0,0,200,216,-16
49,0,0,0,0.0258475374430418,70,1,21,5,1,5,0,1,10,1,1,2.1879522800445557,Current government job,3,1,1,2,1,1,1,2,3,1,0,380,380,0
58,0,1,1,0.20794905722141266,100,1,10.5,8,0,6,0,0,18,2,1,0.685176432132721,Earnings from trade,3,1,1,1,0,1,1,4,6,1,0,250,250,0
52,1,1,0,0.16898295283317566,90,4,14,10,0,9,0,1,8,1,1,1.436564326286316,Daily labour,3,1,1,4,1,1,1,4,3,1,0,300,300,0
50,0,0,0,0.32158589363098145,95,1,12,13.5,1,5,0,1,12,1,1,-0.06621140241622925,Daily labour,3,0,1,1,1,0,1,2,4,1,0,160,200,-40
23,1,0,0,0.16898295283317566,80,2,22.5,12,0,6,0,0,12,2,1,2.1879522800445557,Earnings from trade,2,1,1,4,1,1,1,3,4,1,0,300,300,0
50,0,0,0,0.20794905722141266,95,2,21,13,0,7,1,1,16,2,1,2.1879522800445557,Private job with a salary,2,1,1,5,1,1,1,4,4,0,0,200,200,0
28,1,0,0,0.42622819542884827,100,1,13.5,9.5,0,5,0,0,10,1,1,0.685176432132721,Earnings from trade,2,1,1,1,1,1,1,0,3,1,0,200,200,0
55,0,0,0,0.33039647340774536,70,2,12,13,1,7,0,1,0,1,0,-0.06621140241622925,Daily labour,4,0,1,4,1,0,1,2,3,0,0,192,208,-16
37,0,0,0,0.34361234307289124,75,1,21,14,1,15,1,1,3,2,1,-0.8175992965698242,Earnings from trade,3,0,1,2,1,0,2,5,6,0,0,175,210,-35
43,0,0,0,0.28588125109672546,80,2,20,13.5,2,4,0,1,10,1,1,-0.06621140241622925,Private job with a salary,3,0,1,2,1,0,1,2,3,0,0,180,200,-20
45,0,0,0,0.9125581383705139,75,2,20,15.5,2,9,0,1,3,2,1,-0.06621140241622925,Daily labour,3,0,1,2,1,0,1,3,4,0,0,240,270,-30
19,0,0,0,0.32158589363098145,80,2,20.5,13.5,1,15,0,1,12,5,1,-1.5689871311187744,Earnings from trade,3,0,1,2,1,0,3,5,6,0,0,250,290,-40
53,0,0,0,0.26431718468666077,85,1,21,14.5,2,8,1,1,10,1,1,1.436564326286316,Earnings from trade,3,0,1,4,1,1,1,2,6,0,0,240,270,-30
35,0,0,0,0.9932050108909607,80,1,21,15,1,25,0,1,10,6,1,2.1879522800445557,Private job with a salary,3,0,1,4,1,1,3,12,7,0,0,250,290,-40
33,0,0,0,0.935550332069397,90,1,22,15.5,1,5,1,1,12,1,1,2.939340114593506,Earnings from trade,3,0,1,4,1,1,1,3,5,0,0,185,210,-25
35,0,1,1,1.1002779006958008,50,1,13,16,1,5,1,1,0,1,0,-0.06621140241622925,Daily labour,3,0,1,1,0,0,1,1,3,1,0,160,190,-30
54,0,0,0,1.0179141759872437,80,2,14,11,1,6,1,1,16,2,1,3.690727949142456,Earnings from trade,3,0,1,4,1,1,1,1,4,0,0,200,216,-16
19,0,0,0,0.9026047587394714,85,2,20,14.5,1,2,0,0,5,1,0,-0.06621140241622925,Daily labour,4,0,1,3,1,0,1,2,2,0,0,240,270,-30
72,0,1,1,0.2780880331993103,100,1,16,15,0,10,1,1,8,3,1,-0.8175992965698242,Private job with a salary,3,0,1,1,1,0,2,3,5,1,0,200,220,-20
52,0,0,0,1.2650055885314941,80,1,14,16,1,9,1,0,0,2,1,-0.06621140241622925,Private job with a salary,4,0,1,1,1,0,1,2,5,1,0,150,190,-40
45,0,0,0,0.9273139238357544,70,2,22,15.5,1,10,1,1,16,3,1,2.1879522800445557,Private job with a salary,3,0,1,2,1,1,2,6,5,0,0,210,260,-50
50,0,0,0,0.910841166973114,70,2,22,15,2,10,0,1,12,1,0,-0.06621140241622925,Daily labour,3,0,1,4,1,0,1,2,3,0,0,220,260,-40
30,0,0,0,0.15339651703834534,80,1,23,16,1,6,0,1,5,1,0,-0.06621140241622925,Earnings from trade,3,0,1,1,1,0,1,2,4,1,0,200,250,-50
36,0,0,0,1.1826417446136475,80,1,14,15,0,5,0,1,5,1,0,-0.8175992965698242,Daily labour,3,0,1,1,1,0,0,2,3,0,0,230,250,-20
36,0,0,0,1.1826417446136475,70,2,13,11,1,10,1,1,18,2,1,2.1879522800445557,Private job with a salary,2,0,1,4,1,1,2,4,5,0,0,236,258,-22
47,0,0,0,1.1414598226547241,80,2,11,12,1,6,1,1,10,1,1,1.436564326286316,Earnings from trade,3,0,1,4,1,1,1,2,4,1,0,212,236,-24
24,0,0,0,0.20794905722141266,70,2,13,9,1,4,0,0,16,1,1,1.436564326286316,Private job with a salary,3,0,1,3,1,1,1,4,4,0,0,202,218,-16
40,0,0,0,1.1332234144210815,80,2,20,13.5,2,1,1,1,18,2,1,1.436564326286316,Private job with a salary,3,0,1,2,1,1,2,4,5,0,0,220,250,-30
45,0,0,0,0.4735938608646393,80,2,20,13.5,2,8,0,1,8,3,1,-0.8175992965698242,Private job with a salary,3,0,1,4,1,0,2,3,3,0,0,200,240,-40
28,0,0,0,0.4446311593055725,90,2,13.5,15,0,17,1,1,12,4,1,-1.5689871311187744,Daily labour,3,0,1,1,1,0,2,3,7,1,0,190,220,-30
25,0,0,0,0.42622819542884827,80,2,12,11,2,10,1,1,0,2,0,-0.06621140241622925,Daily labour,3,0,1,2,1,0,2,3,5,0,0,209,226,-17
40,0,0,0,0.5972520709037781,60,2,11,11,1,6,0,1,0,2,0,-0.06621140241622925,Earnings from trade,3,0,1,4,1,0,1,2,2,1,0,212,240,-28
27,0,0,0,0.32863616943359375,50,1,22,10,0,5,1,0,8,1,1,1.436564326286316,Earnings from trade,3,1,1,2,1,1,1,2,3,1,0,150,150,0
32,0,1,1,1.0179141759872437,60,1,14,14.5,0,7,0,1,0,1,0,-0.06621140241622925,Daily labour,3,0,1,2,1,0,1,2,4,1,0,170,200,-30
42,0,0,0,0.3342134654521942,85,1,18,8,1,8,0,1,8,1,0,-0.06621140241622925,Current government job,3,0,1,2,1,0,1,2,4,0,0,250,290,-40
42,1,0,0,0.1086902841925621,80,2,13.666666984558105,10.833333015441895,0,5,0,1,0,1,1,0.685176432132721,Daily labour,2,0,1,3,1,0,1,2,3,0,0,200,200,0
26,0,0,0,0.26250159740448,80,1,13,15,1,4,0,1,10,2,1,-1.5689871311187744,Private job with a salary,3,0,1,1,0,0,0,2,5,0,0,230,260,-30
35,1,1,1,0.0789799615740776,100,1,12.5,9,0,4,0,0,16,1,1,-0.06621140241622925,Earnings from trade,3,0,1,1,0,0,1,2,3,1,0,250,250,0
45,0,1,1,0.04926963895559311,100,1,12,8.5,0,5,0,0,10,1,0,0.685176432132721,Earnings from trade,3,0,1,1,1,0,1,2,3,1,0,100,100,0
24,0,0,0,0.5972520709037781,70,2,14,11,2,3,0,0,12,2,1,-0.06621140241622925,Earnings from trade,3,0,1,4,1,0,1,3,3,1,0,200,218,-18
40,1,0,0,0.0789799615740776,90,2,13.5,10,0,8,1,1,8,2,0,0.685176432132721,Daily labour,3,0,1,3,1,0,1,3,5,1,0,250,250,0
48,1,1,1,0.8600906729698181,100,1,10,8.5,0,5,0,0,10,1,1,-0.8175992965698242,Daily labour,3,1,1,1,0,0,1,3,4,1,0,225,225,0
47,0,0,0,0.5045084357261658,85,1,19,13.5,2,10,0,1,10,1,1,-0.06621140241622925,Daily labour,3,0,1,2,1,0,1,2,4,0,0,180,210,-30
42,0,0,0,0.5642502903938293,80,2,21,13.5,2,9,0,1,8,1,0,-0.06621140241622925,Daily labour,3,0,1,4,1,0,1,2,3,0,0,185,220,-35
21,0,0,0,0.3618178963661194,80,1,12.5,17,0,8,0,0,10,2,1,-0.06621140241622925,Private job with a salary,3,0,1,1,1,0,1,2,5,1,0,200,230,-30
45,1,0,0,0.04926963895559311,80,4,23,11.5,0,5,0,0,0,2,1,1.436564326286316,Earnings from trade,3,0,1,2,1,1,1,2,3,1,0,250,250,0
23,0,0,0,0.5182428956031799,90,1,13,16,0,4,0,0,10,1,1,-1.5689871311187744,Private job with a salary,3,0,1,2,0,0,0,2,3,0,0,160,200,-40
25,0,0,0,0.3618178963661194,90,2,11,12,2,6,0,0,16,3,1,-0.8175992965698242,Earnings from trade,3,0,1,3,1,0,2,3,4,0,0,210,230,-20
23,0,0,0,0.32571640610694885,70,2,14,10.5,0,6,0,0,5,2,1,0.685176432132721,Daily labour,3,0,1,5,1,1,1,3,3,0,0,350,350,0
31,0,0,0,0.4942035675048828,75,1,20,15,1,6,0,1,2,1,0,-0.06621140241622925,Daily labour,4,0,1,2,1,0,1,2,3,0,0,210,250,-40
63,0,0,1,0.5954298377037048,50,2,16,6.5,0,13,0,1,6,3,1,-0.8175992965698242,Daily labour,3,0,1,3,1,0,3,3,3,1,0,380,380,0
26,0,1,1,0.4446311593055725,70,1,14.5,15,0,6,0,0,10,3,0,-0.06621140241622925,Private job with a salary,3,0,1,1,1,0,1,3,5,0,0,150,190,-40
35,0,0,0,0.13001686334609985,70,2,13,9,1,9,0,1,5,1,0,0.685176432132721,Daily labour,3,0,1,3,1,0,1,2,3,1,0,189,203,-14
62,0,0,0,0.2882061302661896,75,1,16,9.5,2,14,0,0,8,2,1,-0.06621140241622925,Pension - Government,3,0,1,4,1,0,1,2,4,0,0,220,260,-40
29,0,1,1,0.3618178963661194,80,1,15,16,0,5,1,1,0,1,1,-1.5689871311187744,Daily labour,3,0,1,1,0,0,0,2,5,1,0,230,260,-30
35,0,0,0,0.5366458892822266,90,2,21.16666603088379,14.666666030883789,1,5,0,1,2,1,0,-0.06621140241622925,Daily labour,3,0,1,3,1,0,0,1,2,0,0,210,250,-40
35,0,0,0,0.6487763524055481,80,2,15,16,1,5,0,1,8,1,1,-0.06621140241622925,Daily labour,3,0,1,4,1,0,1,2,2,0,0,225,253,-28
50,1,1,1,0.8721691370010376,100,1,10.5,8.5,0,8,0,0,10,2,1,-0.06621140241622925,Daily labour,3,1,1,1,0,1,1,4,3,1,0,150,150,0
23,0,0,0,0.4494212865829468,80,1,24,9,0,8,0,0,8,1,1,2.939340114593506,Daily labour,2,1,1,1,1,1,1,2,3,1,0,50,50,0
46,0,0,0,0.7209103107452393,80,2,12.5,14.5,1,7,0,1,3,2,0,-0.06621140241622925,Daily labour,3,0,1,4,1,0,1,2,3,0,0,220,270,-50
35,0,0,0,0.6305989623069763,60,2,16.5,7,0,4,0,1,0,1,1,-0.06621140241622925,Daily labour,3,1,1,3,1,0,1,1,2,1,0,350,350,0
25,0,0,0,0.2807641625404358,90,1,13.5,11,0,9,1,1,5,2,1,-0.06621140241622925,Daily labour,3,0,1,4,1,0,1,2,3,1,0,200,200,0
60,0,0,0,0.1086902841925621,60,2,23.5,6,1,8,1,1,0,2,1,1.436564326286316,Earnings from trade,3,0,1,3,1,1,2,3,5,1,0,300,300,0
35,1,1,1,0.1086902841925621,100,2,12,9.5,0,3,0,0,18,1,1,1.436564326286316,Earnings from trade,3,0,1,4,1,0,1,2,3,1,0,300,300,0
40,0,0,0,0.22753159701824188,50,1,22,8,0,12,1,1,12,3,0,0.685176432132721,Earnings from trade,3,0,1,2,1,0,3,3,4,1,0,100,100,0
65,0,0,0,0.9034760594367981,80,2,17,7,1,8,1,1,12,2,1,-0.8175992965698242,Daily labour,3,0,1,4,1,0,2,3,3,0,0,212,231,-19
48,0,1,1,1.3194303512573242,80,2,21,13,1,4,0,0,0,1,1,-0.8175992965698242,Earnings from trade,4,0,1,1,1,0,0,2,4,1,0,170,200,-30
30,1,1,1,0.8721691370010376,100,1,12,9.5,0,6,0,0,10,1,0,-0.8175992965698242,Earnings from trade,3,1,1,1,0,0,1,2,3,1,0,100,100,0
45,0,0,0,0.7513840794563293,80,2,23,11,0,5,0,1,8,1,1,0.685176432132721,Earnings from trade,3,1,1,3,1,1,1,3,4,0,0,250,250,0
25,0,0,0,0.8117765784263611,80,2,13,9,2,10,0,1,16,2,1,2.939340114593506,Private job with a salary,2,0,1,3,1,1,2,5,6,0,0,210,236,-26
25,0,0,0,1.3601220846176147,80,1,20,15.5,2,10,0,1,10,4,1,-1.5689871311187744,Earnings from trade,3,0,1,2,1,0,3,5,6,0,0,200,230,-30
42,1,0,0,0.8721691370010376,100,2,14,8.5,0,8,0,0,10,2,1,-0.8175992965698242,Earnings from trade,4,1,1,1,0,0,1,3,3,1,0,275,275,0
58,0,1,1,1.3601220846176147,75,1,21,13,0,17,0,1,2,5,1,-0.8175992965698242,Earnings from trade,3,0,1,3,1,0,3,3,6,1,0,180,220,-40
30,0,0,1,0.943975567817688,85,2,21,13.5,1,2,0,0,16,1,1,-0.06621140241622925,Private job with a salary,3,0,1,2,1,0,1,2,3,0,0,250,285,-35
52,0,0,0,0.6547559499740601,75,2,20.5,14,2,12,0,1,5,3,1,1.436564326286316,Current government job,3,0,1,3,1,1,2,5,5,0,0,250,290,-40
49,1,1,1,0.8600906729698181,100,1,12,8.5,0,8,0,0,10,2,1,-0.8175992965698242,Current government job,3,1,1,1,0,0,1,4,3,1,0,285,285,0
45,0,0,0,0.5182428956031799,80,1,16,16,1,5,0,0,12,1,1,-0.06621140241622925,Current government job,3,0,1,2,1,0,1,2,4,0,0,150,170,-20
61,0,0,0,0.8117765784263611,90,2,14,10,1,5,0,1,10,1,1,1.436564326286316,Private job with a salary,3,0,1,4,1,1,1,3,4,1,0,200,225,-25
50,1,1,1,0.9325616955757141,100,1,14,9,0,4,0,0,0,1,1,-0.8175992965698242,Earnings from trade,3,1,1,1,0,0,1,2,2,1,0,380,380,0
50,0,0,0,0.7513840794563293,70,2,15,9,1,7,0,0,10,2,1,2.1879522800445557,Daily labour,3,1,1,2,1,1,0,0,3,1,0,200,200,0
35,0,1,1,0.8117765784263611,100,1,12.5,9.5,1,6,0,0,12,1,0,0.685176432132721,Earnings from trade,3,1,1,1,1,0,1,2,3,1,0,130,130,0
42,0,0,0,0.28975462913513184,90,4,22.5,11.5,1,6,0,1,0,2,0,-0.06621140241622925,Private job with a salary,2,0,1,4,1,0,1,2,4,1,0,150,150,0
28,0,0,0,0.4494212865829468,50,1,24,9,0,10,0,0,16,3,1,2.1879522800445557,Earnings from trade,2,1,1,1,1,1,1,2,5,1,0,270,270,0
59,1,1,1,0.8117765784263611,100,1,11,8.5,0,6,0,0,10,1,0,-0.06621140241622925,Earnings from trade,3,1,1,1,1,0,1,2,3,1,0,270,270,0
48,0,0,0,0.862976610660553,70,2,15,8,1,6,0,1,12,1,0,-0.06621140241622925,Private job with a salary,3,0,1,4,1,0,2,2,4,0,0,200,238,-38
70,0,1,1,0.4722355604171753,90,1,15,16,0,18,0,1,0,3,1,-2.3203749656677246,Daily labour,3,0,1,1,1,0,2,3,7,1,0,200,240,-40
60,1,0,0,0.9929542541503906,90,2,22.5,11,0,7,1,1,10,2,1,0.685176432132721,Earnings from trade,3,1,1,4,1,1,1,3,3,0,0,200,200,0
22,0,0,0,0.5504776239395142,80,1,21.5,8.5,0,10,0,1,9,2,0,0.685176432132721,Private job with a salary,3,0,1,4,1,0,1,1,3,1,0,250,250,0
150,0,0,1,0.5702064037322998,50,2,24,10,1,7,0,1,10,2,1,2.1879522800445557,Earnings from trade,2,1,1,2,1,1,1,2,3,1,0,130,130,0
45,0,0,1,1.4415055513381958,90,2,21.5,14,2,4,0,0,2,1,1,-0.06621140241622925,Daily labour,3,0,1,4,1,0,1,2,3,0,0,175,200,-25
25,1,0,0,0.0731707289814949,50,2,24,8.5,0,7,0,1,12,2,1,-0.06621140241622925,Earnings from trade,2,1,1,4,1,1,2,2,3,1,0,120,120,0
45,1,1,1,0.46341463923454285,100,1,14,5.5,0,7,0,0,8,1,1,-0.8175992965698242,Daily labour,3,0,1,1,0,0,1,3,2,1,0,310,310,0
24,0,0,0,0.6487763524055481,95,4,22,11.5,0,5,1,1,12,1,1,0.685176432132721,Private job with a salary,3,1,1,5,1,1,1,2,2,0,0,200,200,0
29,0,0,0,0.2881065309047699,60,2,13,10,0,6,0,1,12,1,1,-0.8175992965698242,Daily labour,3,0,1,2,1,0,1,2,2,1,0,180,180,0
40,0,0,0,0.13353373110294342,70,1,21.5,8.5,0,6,0,1,12,1,0,1.436564326286316,Current government job,3,1,1,1,1,1,1,2,3,1,0,100,100,0
19,0,0,0,0.13353373110294342,80,1,15,9,0,4,0,0,10,1,1,2.1879522800445557,Earnings from trade,2,0,1,2,1,1,1,2,3,1,0,230,230,0
57,0,0,0,0.7513840794563293,90,2,20,13.5,2,5,1,0,10,2,1,1.436564326286316,Private job with a salary,3,0,1,2,1,1,2,2,4,0,0,200,240,-40
35,1,0,0,0.5121951103210449,80,2,14,11.5,0,9,0,1,0,1,0,-0.06621140241622925,Daily labour,3,0,1,3,1,0,1,2,3,0,0,200,200,0
35,1,1,1,0.5972520709037781,100,1,11.5,11,0,4,0,0,10,1,0,-0.8175992965698242,Daily labour,4,1,1,1,0,0,1,2,3,1,0,50,50,0
40,0,0,0,0.03048521652817726,75,2,15,8,0,10,0,1,10,2,1,-0.8175992965698242,Daily labour,3,0,1,3,1,0,2,3,3,1,0,220,220,0
40,0,0,0,1.053346872329712,85,1,20,14.5,1,6,0,1,16,1,0,1.436564326286316,Earnings from trade,3,0,1,3,1,1,1,3,4,0,0,210,250,-40
40,1,0,0,0.5609756112098694,90,4,14,10.5,0,9,0,1,0,2,0,-0.8175992965698242,Daily labour,3,0,1,4,0,0,1,2,4,1,0,350,350,0
35,0,0,0,0.6097561120986938,95,2,12.5,12,0,4,0,1,16,1,0,0.685176432132721,Earnings from trade,2,0,1,4,1,1,1,2,3,0,0,250,250,0
30,1,1,1,0.5869472026824951,100,1,11.5,10,0,4,0,0,10,1,1,-0.06621140241622925,Earnings from trade,3,1,1,1,0,1,1,2,3,1,0,55,55,0
22,0,1,0,0.46341463923454285,90,2,13.5,11,0,3,0,1,10,1,0,-0.06621140241622925,Daily labour,4,1,1,4,1,0,1,2,2,1,0,100,100,0
20,1,1,1,0.5121951103210449,100,2,14,6.5,0,3,0,0,10,1,0,-0.8175992965698242,Daily labour,4,0,1,3,0,0,0,2,2,1,0,300,300,0
25,0,0,0,0.46341463923454285,50,2,15,7,0,10,1,1,2,2,0,0.685176432132721,Daily labour,4,0,1,3,1,0,2,2,3,1,0,350,350,0
50,0,0,0,0.17073170840740204,60,2,15.5,7,1,7,0,1,9,2,1,-0.8175992965698242,Daily labour,3,0,1,3,1,0,1,2,2,1,0,50,50,0
40,1,0,0,0.502439022064209,100,1,14,6.5,0,5,0,0,8,1,0,-1.5689871311187744,Daily labour,3,0,1,1,0,0,1,3,3,1,0,305,305,0
35,0,0,0,0.6487763524055481,90,4,23.5,12.5,0,6,1,1,10,1,1,0.685176432132721,Earnings from trade,2,0,1,4,1,1,1,2,3,0,0,350,350,0
54,0,1,1,0.502439022064209,100,1,13,9,0,5,0,0,0,1,0,0.685176432132721,Daily labour,3,0,1,1,0,0,1,2,2,1,0,100,100,0
40,1,0,0,0.5972520709037781,75,2,13.666666984558105,11.333333015441895,0,6,1,1,8,1,1,-0.06621140241622925,Daily labour,2,0,1,4,1,0,1,2,3,0,0,200,200,0
45,0,0,1,0.5457278490066528,80,2,21,7,1,7,1,1,5,1,1,0.685176432132721,Private job with a salary,2,1,1,2,1,1,2,2,4,1,0,150,150,0
21,0,0,0,0.23658224940299988,80,1,15,7,0,2,0,0,12,1,1,0.685176432132721,Daily labour,3,1,1,1,1,0,1,1,2,1,0,330,330,0
25,0,0,0,0.26829269528388977,70,1,24,8,0,10,0,0,10,3,1,-0.8175992965698242,Earnings from trade,3,0,1,2,1,0,2,2,2,1,0,330,330,0
45,0,0,1,0.4426792860031128,60,2,15,8,0,7,0,1,6,1,0,-0.06621140241622925,Daily labour,4,1,1,2,1,0,0,2,1,1,0,390,390,0
22,0,0,0,0.5972520709037781,90,4,13.5,11,0,24,1,1,0,3,0,-0.8175992965698242,Daily labour,4,1,1,4,1,1,2,4,6,1,0,150,150,0
40,0,0,0,0.3658536672592163,78,2,14,11,0,8,0,1,0,1,0,-0.06621140241622925,Daily labour,3,1,1,3,1,0,1,2,3,0,1,200,200,0
50,0,0,0,0.46341463923454285,100,1,13.333333969116211,8.833333969116211,0,5,0,0,0,1,1,-0.06621140241622925,Daily labour,3,0,1,1,1,0,1,2,3,1,0,200,200,0
32,1,1,1,0.46341463923454285,100,1,13.5,7.5,0,6,0,0,8,1,1,-0.06621140241622925,Daily labour,3,0,1,1,1,0,1,3,2,1,0,305,305,0
58,1,1,1,0.607556939125061,10,1,12,10,0,6,0,0,10,1,1,-0.06621140241622925,Daily labour,4,1,1,1,1,0,1,2,4,1,0,370,370,0
34,1,1,1,0.46341463923454285,100,1,11.5,8.5,0,4,0,0,8,1,0,-0.8175992965698242,Daily labour,3,0,1,1,0,0,1,2,4,1,0,333,333,0
34,0,0,0,0.5869472026824951,100,1,11.166666984558105,9.833333015441895,0,6,0,0,0,1,0,-0.8175992965698242,Daily labour,3,1,1,1,0,0,1,2,3,1,0,210,210,0
26,0,0,0,0.0731707289814949,60,1,21.5,8,0,6,0,1,16,1,1,0.685176432132721,Private job with self-employment,3,0,1,1,1,0,1,2,3,1,0,260,260,0
46,0,0,0,0.5457278490066528,95,4,13,11,0,4,0,1,10,1,1,0.685176432132721,Daily labour,3,0,1,5,1,0,1,2,3,0,0,100,100,0
53,0,0,0,0.4942035675048828,90,2,15,9,0,8,0,1,0,3,1,-0.06621140241622925,Earnings from trade,2,1,1,4,1,0,1,3,3,0,0,350,350,0
