meaning,estimate,std.error,statistic,p.value,adj_pvals
Time form open on screen,-0.0062627073967024115,0.0027760900198331925,-2.2559453591057252,0.024616231564266434,0.26257313668550863
Forecast error,-4.073090326022727,1.7839137689710935,-2.283232741889738,0.02294308032853009,0.26257313668550863
AQ significantly affects quality of life at home.,-2.2515889286561768,0.9154484778895646,-2.459547405493417,0.014335651257103515,0.22937042011365624
Hours Spent on Work,1.8670943163832494,0.3377863357402732,5.527441814043283,5.8879126999655845e-8,3.768264127977974e-6
Was this day typical?,5.304140792802618,2.423466989071491,2.1886581565671777,0.02920218354691474,0.2669913924289347
Num SM used to gather info about social issues,3.324953264230819,1.2006802766693878,2.7692245211639785,0.005881875397913994,0.18822001273324782
Social media platform = Whatsapp,4.80030975217844,2.35610125726633,2.037395352756616,0.042271440471013645,0.29618068849060963
Asset index,-2.0224576042976294,0.9777586225753513,-2.068463072174818,0.039241840499201486,0.29618068849060963
Edu = Secondary/Matric,-5.907791358046303,2.38947196715906,-2.4724254727584505,0.013837071315567964,0.22937042011365624
